well_id,municipality,hydro_unit,domain,layer_code,layer_name,latest_evidence_date,latest_evidence_age_years,dated_domains_n,time_series_status
3500065054,Dourados,Formação Serra Geral,Fraturada,T02,Evidência química datada,2016-10-24,9.845513597130672,2,UNKNOWN_SERIE_TEMPORAL_NAO_ADQUIRIDA
3500053084,Miranda,Grupo Cuiaba,Fraturada,T02,Evidência química datada,2009-09-22,16.93395483822392,2,UNKNOWN_SERIE_TEMPORAL_NAO_ADQUIRIDA
3500027119,Caarapó,Grupo Caiuá,Granular,T02,Evidência química datada,2009-08-27,17.00514042040562,2,UNKNOWN_SERIE_TEMPORAL_NAO_ADQUIRIDA
3500026917,Três Lagoas,Grupo Caiuá,Granular,T02,Evidência química datada,2008-01-08,18.63967090357776,2,UNKNOWN_SERIE_TEMPORAL_NAO_ADQUIRIDA
3500027282,Chapadão do Sul,Formação Cachoeirinha,Granular,T02,Evidência química datada,2010-05-10,16.304236226616563,2,UNKNOWN_SERIE_TEMPORAL_NAO_ADQUIRIDA
3500045668,Corguinho,Formação Aquidauana,Granular,T02,Evidência química datada,2010-10-03,15.90450180359624,2,UNKNOWN_SERIE_TEMPORAL_NAO_ADQUIRIDA
3500045682,Iguatemi,Grupo Caiuá,Granular,T02,Evidência química datada,2014-02-18,12.525924556972422,2,UNKNOWN_SERIE_TEMPORAL_NAO_ADQUIRIDA
3500053090,Maracaju,Formação Serra Geral,Fraturada,T02,Evidência química datada,2008-06-12,18.212557410487552,2,UNKNOWN_SERIE_TEMPORAL_NAO_ADQUIRIDA
3500065040,Campo Grande,Formação Serra Geral,Fraturada,T02,Evidência química datada,2016-01-21,10.60391383806649,2,UNKNOWN_SERIE_TEMPORAL_NAO_ADQUIRIDA
3500065045,Campo Grande,Formação Serra Geral,Fraturada,T02,Evidência química datada,2016-02-01,10.573796860989617,2,UNKNOWN_SERIE_TEMPORAL_NAO_ADQUIRIDA
3500065046,Campo Grande,Formação Serra Geral,Fraturada,T02,Evidência química datada,2016-12-12,9.711356153788236,2,UNKNOWN_SERIE_TEMPORAL_NAO_ADQUIRIDA
3500065047,Campo Grande,Formação Serra Geral,Fraturada,T02,Evidência química datada,2016-09-29,9.913961272305386,2,UNKNOWN_SERIE_TEMPORAL_NAO_ADQUIRIDA
3500065060,Ivinhema,Grupo Caiuá,Granular,T02,Evidência química datada,2016-07-09,10.138469646878443,2,UNKNOWN_SERIE_TEMPORAL_NAO_ADQUIRIDA
3500065072,Selvíria,Grupo Caiuá,Granular,T02,Evidência química datada,2016-02-16,10.53272825588479,2,UNKNOWN_SERIE_TEMPORAL_NAO_ADQUIRIDA
3500023027,Coxim,Formação Palermo,Granular,T02,Evidência química datada,2004-08-02,22.073006290341347,2,UNKNOWN_SERIE_TEMPORAL_NAO_ADQUIRIDA
3500065009,Aral Moreira,Formação Serra Geral,Fraturada,T02,Evidência química datada,2016-01-26,10.590224303031547,2,UNKNOWN_SERIE_TEMPORAL_NAO_ADQUIRIDA
3500026934,Glória de Dourados,Grupo Caiuá,Granular,T02,Evidência química datada,2008-10-10,17.88400856964893,2,UNKNOWN_SERIE_TEMPORAL_NAO_ADQUIRIDA
3500026935,Nova Andradina,Grupo Caiuá,Granular,T02,Evidência química datada,2009-01-26,17.588314612894173,2,UNKNOWN_SERIE_TEMPORAL_NAO_ADQUIRIDA
3500026939,Nova Andradina,Grupo Caiuá,Granular,T02,Evidência química datada,2008-09-22,17.933290895774725,2,UNKNOWN_SERIE_TEMPORAL_NAO_ADQUIRIDA
3500026957,Caarapó,Grupo Caiuá,Granular,T02,Evidência química datada,2009-03-20,17.44320554152378,2,UNKNOWN_SERIE_TEMPORAL_NAO_ADQUIRIDA
3500026979,Dourados,Formação Serra Geral,Fraturada,T02,Evidência química datada,2009-03-30,17.415826471453897,2,UNKNOWN_SERIE_TEMPORAL_NAO_ADQUIRIDA
3500026997,Paranaíba,Grupo Bauru,Granular,T02,Evidência química datada,2009-08-24,17.013354141426586,2,UNKNOWN_SERIE_TEMPORAL_NAO_ADQUIRIDA
3500027019,Nova Alvorada do Sul,Formação Serra Geral,Fraturada,T02,Evidência química datada,2009-11-05,16.813486929916426,2,UNKNOWN_SERIE_TEMPORAL_NAO_ADQUIRIDA
3500027044,Três Lagoas,Formação Serra Geral,Fraturada,T02,Evidência química datada,2009-07-27,17.090015537622264,2,UNKNOWN_SERIE_TEMPORAL_NAO_ADQUIRIDA
3500027149,Maracaju,Formação Serra Geral,Fraturada,T02,Evidência química datada,2009-12-30,16.662902044532057,2,UNKNOWN_SERIE_TEMPORAL_NAO_ADQUIRIDA
3500027162,Rio Brilhante,Formação Serra Geral,Fraturada,T02,Evidência química datada,2009-08-31,16.994188792377667,2,UNKNOWN_SERIE_TEMPORAL_NAO_ADQUIRIDA
3500027173,Três Lagoas,Formação Serra Geral,Fraturada,T02,Evidência química datada,2009-11-09,16.802535301888472,2,UNKNOWN_SERIE_TEMPORAL_NAO_ADQUIRIDA
3500027286,Aparecida do Taboado,Grupo Caiuá,Granular,T02,Evidência química datada,2009-10-15,16.870982977063182,2,UNKNOWN_SERIE_TEMPORAL_NAO_ADQUIRIDA
3500045287,Três Lagoas,Formação Serra Geral,Fraturada,T02,Evidência química datada,2009-07-25,17.09549135163624,2,UNKNOWN_SERIE_TEMPORAL_NAO_ADQUIRIDA
3500045398,Maracaju,Formação Serra Geral,Fraturada,T02,Evidência química datada,2009-12-29,16.665639951539045,2,UNKNOWN_SERIE_TEMPORAL_NAO_ADQUIRIDA
3500045626,Campo Grande,Formação Serra Geral,Fraturada,T02,Evidência química datada,2009-10-13,16.876458791077162,2,UNKNOWN_SERIE_TEMPORAL_NAO_ADQUIRIDA
3500023356,Sete Quedas,Grupo Caiuá,Granular,T02,Evidência química datada,1981-03-30,45.416401431925365,2,UNKNOWN_SERIE_TEMPORAL_NAO_ADQUIRIDA
3500023368,Caarapó,Grupo Caiuá,Granular,T02,Evidência química datada,1980-12-09,45.72030910970109,2,UNKNOWN_SERIE_TEMPORAL_NAO_ADQUIRIDA
3500045694,Campo Grande,Formação Serra Geral,Fraturada,T02,Evidência química datada,2008-01-01,18.658836252626678,2,UNKNOWN_SERIE_TEMPORAL_NAO_ADQUIRIDA
3500027045,Aparecida do Taboado,Grupo Bauru,Granular,T02,Evidência química datada,2009-08-28,17.002402513398632,2,UNKNOWN_SERIE_TEMPORAL_NAO_ADQUIRIDA
3500022928,Campo Grande,Formação Serra Geral,Fraturada,T02,Evidência química datada,2003-08-20,23.02579792877335,2,UNKNOWN_SERIE_TEMPORAL_NAO_ADQUIRIDA
3500045646,Três Lagoas,Grupo Caiuá,Granular,T02,Evidência química datada,2011-01-12,15.627973195890402,2,UNKNOWN_SERIE_TEMPORAL_NAO_ADQUIRIDA
3500022824,Terenos,Formação Serra Geral,Fraturada,T02,Evidência química datada,2004-07-28,22.086695825376292,2,UNKNOWN_SERIE_TEMPORAL_NAO_ADQUIRIDA
3500022816,Sidrolândia,Formação Serra Geral,Fraturada,T02,Evidência química datada,2004-12-01,21.741719542495737,2,UNKNOWN_SERIE_TEMPORAL_NAO_ADQUIRIDA
3500022567,Costa Rica,Formação Serra Geral,Fraturada,T02,Evidência química datada,2003-03-18,23.450173514856566,2,UNKNOWN_SERIE_TEMPORAL_NAO_ADQUIRIDA
3500022930,Campo Grande,Formação Serra Geral,Fraturada,T02,Evidência química datada,2003-08-20,23.02579792877335,2,UNKNOWN_SERIE_TEMPORAL_NAO_ADQUIRIDA
3500045612,Três Lagoas,Grupo Caiuá,Granular,T02,Evidência química datada,2010-11-22,15.767606453246815,2,UNKNOWN_SERIE_TEMPORAL_NAO_ADQUIRIDA
3500045709,Três Lagoas,Grupo Caiuá,Granular,T02,Evidência química datada,2012-07-05,14.149503412116607,2,UNKNOWN_SERIE_TEMPORAL_NAO_ADQUIRIDA
3500045635,Campo Grande,Formação Serra Geral,Fraturada,T02,Evidência química datada,2006-12-27,19.671861845212426,2,UNKNOWN_SERIE_TEMPORAL_NAO_ADQUIRIDA
3500026937,Jateí,Grupo Caiuá,Granular,T02,Evidência química datada,2009-03-20,17.44320554152378,2,UNKNOWN_SERIE_TEMPORAL_NAO_ADQUIRIDA
3500045640,Nova Andradina,Grupo Caiuá,Granular,T02,Evidência química datada,2008-07-23,18.100303223201024,2,UNKNOWN_SERIE_TEMPORAL_NAO_ADQUIRIDA
3500045639,Três Lagoas,Depósitos aluvionares,Granular,T02,Evidência química datada,2008-10-31,17.826512522502174,2,UNKNOWN_SERIE_TEMPORAL_NAO_ADQUIRIDA
3500045662,Três Lagoas,Grupo Caiuá,Granular,T02,Evidência química datada,2010-09-16,15.951046222715044,2,UNKNOWN_SERIE_TEMPORAL_NAO_ADQUIRIDA
3500045671,Miranda,Grupo Cuiaba,Fraturada,T02,Evidência química datada,2009-09-22,16.93395483822392,2,UNKNOWN_SERIE_TEMPORAL_NAO_ADQUIRIDA
3500045700,Campo Grande,Formação Serra Geral,Fraturada,T02,Evidência química datada,2012-05-10,14.302826204507964,2,UNKNOWN_SERIE_TEMPORAL_NAO_ADQUIRIDA
3500065031,Campo Grande,Formação Serra Geral,Fraturada,T02,Evidência química datada,2016-03-24,10.431425696626214,2,UNKNOWN_SERIE_TEMPORAL_NAO_ADQUIRIDA
3500065039,Campo Grande,Formação Serra Geral,Fraturada,T02,Evidência química datada,2016-07-03,10.154897088920375,2,UNKNOWN_SERIE_TEMPORAL_NAO_ADQUIRIDA
3500045691,Sidrolândia,Formação Serra Geral,Fraturada,T02,Evidência química datada,2009-08-03,17.070850188573345,2,UNKNOWN_SERIE_TEMPORAL_NAO_ADQUIRIDA
3500053083,Miranda,Grupo Cuiaba,Fraturada,T02,Evidência química datada,2009-09-22,16.93395483822392,2,UNKNOWN_SERIE_TEMPORAL_NAO_ADQUIRIDA
3500053086,Miranda,Formação Pantanal,Granular,T02,Evidência química datada,2010-01-01,16.65742623051808,2,UNKNOWN_SERIE_TEMPORAL_NAO_ADQUIRIDA
3500026918,Ivinhema,Grupo Caiuá,Granular,T02,Evidência química datada,2008-12-05,17.730685777257577,2,UNKNOWN_SERIE_TEMPORAL_NAO_ADQUIRIDA
3500027077,Caarapó,Grupo Caiuá,Granular,T02,Evidência química datada,2008-03-03,18.48908601819339,2,UNKNOWN_SERIE_TEMPORAL_NAO_ADQUIRIDA
3500045670,Batayporã,Grupo Caiuá,Granular,T02,Evidência química datada,2009-01-01,17.656762288068887,2,UNKNOWN_SERIE_TEMPORAL_NAO_ADQUIRIDA
3500045703,Três Lagoas,Grupo Caiuá,Granular,T02,Evidência química datada,2012-07-30,14.081055736941895,2,UNKNOWN_SERIE_TEMPORAL_NAO_ADQUIRIDA
3500045711,Três Lagoas,Grupo Caiuá,Granular,T02,Evidência química datada,2012-02-29,14.497217602004147,2,UNKNOWN_SERIE_TEMPORAL_NAO_ADQUIRIDA
3500065044,Campo Grande,Formação Serra Geral,Fraturada,T02,Evidência química datada,2016-07-28,10.086449413745662,2,UNKNOWN_SERIE_TEMPORAL_NAO_ADQUIRIDA
3500065070,Rio Verde de Mato Grosso,Formação Ponta Grossa,Granular,T02,Evidência química datada,2015-11-17,10.781877793520742,2,UNKNOWN_SERIE_TEMPORAL_NAO_ADQUIRIDA
3500065082,Três Lagoas,Grupo Caiuá,Granular,T02,Evidência química datada,2016-10-21,9.85372731815164,2,UNKNOWN_SERIE_TEMPORAL_NAO_ADQUIRIDA
3500023242,Figueirão,Formação Botucatu,Granular,T02,Evidência química datada,2003-03-18,23.450173514856566,1,UNKNOWN_SERIE_TEMPORAL_NAO_ADQUIRIDA
3500065133,Alcinópolis,Grupo Caiuá,Granular,T02,Evidência química datada,2019-09-09,6.97071123979274,2,UNKNOWN_SERIE_TEMPORAL_NAO_ADQUIRIDA
3500065013,Bataguassu,Depósitos aluvionares,Granular,T02,Evidência química datada,2016-05-09,10.305481974304742,2,UNKNOWN_SERIE_TEMPORAL_NAO_ADQUIRIDA
3500065016,Bataguassu,Grupo Caiuá,Granular,T02,Evidência química datada,2016-01-26,10.590224303031547,2,UNKNOWN_SERIE_TEMPORAL_NAO_ADQUIRIDA
3500065018,Bodoquena,Grupo Cuiaba,Fraturada,T02,Evidência química datada,2015-10-19,10.86127709672341,2,UNKNOWN_SERIE_TEMPORAL_NAO_ADQUIRIDA
3500065068,Rio Brilhante,Formação Serra Geral,Fraturada,T02,Evidência química datada,2016-02-16,10.53272825588479,2,UNKNOWN_SERIE_TEMPORAL_NAO_ADQUIRIDA
3500026944,Ivinhema,Grupo Caiuá,Granular,T02,Evidência química datada,2009-01-20,17.604742054936104,2,UNKNOWN_SERIE_TEMPORAL_NAO_ADQUIRIDA
3500026950,Naviraí,Grupo Caiuá,Granular,T02,Evidência química datada,2009-01-12,17.62664531099201,2,UNKNOWN_SERIE_TEMPORAL_NAO_ADQUIRIDA
3500026951,Glória de Dourados,Grupo Caiuá,Granular,T02,Evidência química datada,2009-01-12,17.62664531099201,2,UNKNOWN_SERIE_TEMPORAL_NAO_ADQUIRIDA
3500027020,Angélica,Grupo Caiuá,Granular,T02,Evidência química datada,2009-10-21,16.85455553502125,2,UNKNOWN_SERIE_TEMPORAL_NAO_ADQUIRIDA
3500027043,Três Lagoas,Grupo Caiuá,Granular,T02,Evidência química datada,2009-09-16,16.95038228026585,2,UNKNOWN_SERIE_TEMPORAL_NAO_ADQUIRIDA
3500027145,Nova Andradina,Grupo Caiuá,Granular,T02,Evidência química datada,2009-10-01,16.909313675161023,2,UNKNOWN_SERIE_TEMPORAL_NAO_ADQUIRIDA
3500027199,Três Lagoas,Grupo Caiuá,Granular,T02,Evidência química datada,2010-01-25,16.591716462350355,2,UNKNOWN_SERIE_TEMPORAL_NAO_ADQUIRIDA
3500027213,Três Lagoas,Grupo Caiuá,Granular,T02,Evidência química datada,2009-11-16,16.78336995283955,2,UNKNOWN_SERIE_TEMPORAL_NAO_ADQUIRIDA
3500027214,Três Lagoas,Grupo Caiuá,Granular,T02,Evidência química datada,2010-01-25,16.591716462350355,2,UNKNOWN_SERIE_TEMPORAL_NAO_ADQUIRIDA
3500027215,Dourados,Formação Serra Geral,Fraturada,T02,Evidência química datada,2009-11-30,16.745039254741712,2,UNKNOWN_SERIE_TEMPORAL_NAO_ADQUIRIDA
3500045422,Campo Grande,Formação Serra Geral,Fraturada,T02,Evidência química datada,2009-12-28,16.668377858546034,2,UNKNOWN_SERIE_TEMPORAL_NAO_ADQUIRIDA
3500053093,Pedro Gomes,Formação Cachoeirinha,Granular,T02,Evidência química datada,2008-06-06,18.228984852529482,2,UNKNOWN_SERIE_TEMPORAL_NAO_ADQUIRIDA
3500023386,Nova Andradina,Grupo Caiuá,Granular,T02,Evidência química datada,1995-11-30,30.74669568848094,2,UNKNOWN_SERIE_TEMPORAL_NAO_ADQUIRIDA
3500045692,Ponta Porã,Grupo Caiuá,Granular,T02,Evidência química datada,2009-09-21,16.936692745230907,2,UNKNOWN_SERIE_TEMPORAL_NAO_ADQUIRIDA
3500026991,Laguna Carapã,Formação Serra Geral,Fraturada,T02,Evidência química datada,2009-07-15,17.122870421706125,2,UNKNOWN_SERIE_TEMPORAL_NAO_ADQUIRIDA
3500023307,Inocência,Grupo Bauru,Granular,T02,Evidência química datada,1978-08-14,48.04205425162734,2,UNKNOWN_SERIE_TEMPORAL_NAO_ADQUIRIDA
3500027240,Angélica,Grupo Caiuá,Granular,T02,Evidência química datada,2010-01-25,16.591716462350355,2,UNKNOWN_SERIE_TEMPORAL_NAO_ADQUIRIDA
3500045154,Campo Grande,Formação Serra Geral,Fraturada,T02,Evidência química datada,2009-09-09,16.96954762931477,2,UNKNOWN_SERIE_TEMPORAL_NAO_ADQUIRIDA
3500053094,Campo Grande,Formação Serra Geral,Fraturada,T02,Evidência química datada,2011-11-22,14.76827039569601,2,UNKNOWN_SERIE_TEMPORAL_NAO_ADQUIRIDA
3500022863,Maracaju,Formação Serra Geral,Fraturada,T02,Evidência química datada,2004-07-17,22.116812802453165,2,UNKNOWN_SERIE_TEMPORAL_NAO_ADQUIRIDA
3500022883,Maracaju,Formação Serra Geral,Fraturada,T02,Evidência química datada,2003-10-17,22.866999322368017,2,UNKNOWN_SERIE_TEMPORAL_NAO_ADQUIRIDA
3500065119,Dourados,Formação Serra Geral,Fraturada,T02,Evidência química datada,2019-09-06,6.978924960813706,2,UNKNOWN_SERIE_TEMPORAL_NAO_ADQUIRIDA
3500027069,Maracaju,Formação Serra Geral,Fraturada,T02,Evidência química datada,2007-07-03,19.157135327898587,2,UNKNOWN_SERIE_TEMPORAL_NAO_ADQUIRIDA
3500045644,Campo Grande,Formação Serra Geral,Fraturada,T02,Evidência química datada,2010-04-30,16.331615296686447,2,UNKNOWN_SERIE_TEMPORAL_NAO_ADQUIRIDA
3500045617,Campo Grande,Formação Serra Geral,Fraturada,T02,Evidência química datada,2012-03-23,14.434245740843412,2,UNKNOWN_SERIE_TEMPORAL_NAO_ADQUIRIDA
3500045663,Ivinhema,Grupo Caiuá,Granular,T02,Evidência química datada,2012-11-13,13.790837594201113,2,UNKNOWN_SERIE_TEMPORAL_NAO_ADQUIRIDA
3500023138,Amambai,Formação Serra Geral,Fraturada,T02,Evidência química datada,1982-04-22,44.354093513213826,2,UNKNOWN_SERIE_TEMPORAL_NAO_ADQUIRIDA
3500027167,Anaurilândia,Grupo Caiuá,Granular,T02,Evidência química datada,2010-01-25,16.591716462350355,2,UNKNOWN_SERIE_TEMPORAL_NAO_ADQUIRIDA
3500023358,Iguatemi,Grupo Caiuá,Granular,T02,Evidência química datada,1991-12-17,34.700233406572345,2,UNKNOWN_SERIE_TEMPORAL_NAO_ADQUIRIDA
3500026925,Três Lagoas,Formação Serra Geral,Fraturada,T02,Evidência química datada,2008-02-13,18.541106251326173,1,UNKNOWN_SERIE_TEMPORAL_NAO_ADQUIRIDA
3500026970,São Gabriel do Oeste,Grupo Bauru,Granular,T02,Evidência química datada,2008-06-17,18.19886787545261,1,UNKNOWN_SERIE_TEMPORAL_NAO_ADQUIRIDA
3500026938,Nova Andradina,Grupo Caiuá,Granular,T02,Evidência química datada,2008-06-25,18.176964619396703,1,UNKNOWN_SERIE_TEMPORAL_NAO_ADQUIRIDA
3500026972,Chapadão do Sul,Formação Cachoeirinha,Granular,T02,Evidência química datada,2008-06-13,18.209819503480563,1,UNKNOWN_SERIE_TEMPORAL_NAO_ADQUIRIDA
3500027094,Dourados,Formação Serra Geral,Fraturada,T02,Evidência química datada,2009-07-31,17.07906390959431,1,UNKNOWN_SERIE_TEMPORAL_NAO_ADQUIRIDA
3500026837,Aparecida do Taboado,Grupo Caiuá,Granular,T02,Evidência química datada,2023-03-13,3.463452363840462,3,UNKNOWN_SERIE_TEMPORAL_NAO_ADQUIRIDA
3500028111,Ribas do Rio Pardo,Grupo Caiuá,Granular,T02,Evidência química datada,2023-11-30,2.746120728009473,3,UNKNOWN_SERIE_TEMPORAL_NAO_ADQUIRIDA
3500034022,Figueirão,Formação Botucatu,Granular,T02,Evidência química datada,2023-12-01,2.7433828210024847,3,UNKNOWN_SERIE_TEMPORAL_NAO_ADQUIRIDA
3500026986,Brasilândia,Grupo Caiuá,Granular,T02,Evidência química datada,2010-09-13,15.959259943736011,2,UNKNOWN_SERIE_TEMPORAL_NAO_ADQUIRIDA
3500027200,Três Lagoas,Grupo Caiuá,Granular,T02,Evidência química datada,2009-11-16,16.78336995283955,2,UNKNOWN_SERIE_TEMPORAL_NAO_ADQUIRIDA
3500026913,Campo Grande,Formação Serra Geral,Fraturada,T02,Evidência química datada,2008-06-25,18.176964619396703,1,UNKNOWN_SERIE_TEMPORAL_NAO_ADQUIRIDA
3500027027,Anaurilândia,Grupo Caiuá,Granular,T02,Evidência química datada,2007-01-23,19.597938356023736,2,UNKNOWN_SERIE_TEMPORAL_NAO_ADQUIRIDA
3500026916,Campo Grande,Formação Serra Geral,Fraturada,T02,Evidência química datada,2007-10-09,18.888820441213714,1,UNKNOWN_SERIE_TEMPORAL_NAO_ADQUIRIDA
3500026919,Campo Grande,Formação Serra Geral,Fraturada,T02,Evidência química datada,2008-06-26,18.174226712389714,1,UNKNOWN_SERIE_TEMPORAL_NAO_ADQUIRIDA
3500026974,Rio Brilhante,Formação Serra Geral,Fraturada,T02,Evidência química datada,2007-07-17,19.11880462980075,1,UNKNOWN_SERIE_TEMPORAL_NAO_ADQUIRIDA
3500026977,Bandeirantes,Formação Serra Geral,Fraturada,T02,Evidência química datada,2008-10-16,17.867581127607,1,UNKNOWN_SERIE_TEMPORAL_NAO_ADQUIRIDA
3500023183,Anaurilândia,Grupo Caiuá,Granular,T02,Evidência química datada,1994-02-22,32.515383614995514,2,UNKNOWN_SERIE_TEMPORAL_NAO_ADQUIRIDA
3500023298,Três Lagoas,Grupo Caiuá,Granular,T02,Evidência química datada,1981-07-28,45.087852591086744,2,UNKNOWN_SERIE_TEMPORAL_NAO_ADQUIRIDA
3500023371,Naviraí,Grupo Caiuá,Granular,T02,Evidência química datada,1993-04-01,33.41067920628076,2,UNKNOWN_SERIE_TEMPORAL_NAO_ADQUIRIDA
3500045622,Ribas do Rio Pardo,Grupo Caiuá,Granular,T02,Evidência química datada,2011-08-15,15.039323189387872,2,UNKNOWN_SERIE_TEMPORAL_NAO_ADQUIRIDA
3500026836,Ivinhema,Grupo Caiuá,Granular,T02,Evidência química datada,2023-11-27,2.7543344490304387,3,UNKNOWN_SERIE_TEMPORAL_NAO_ADQUIRIDA
3500028109,São Gabriel do Oeste,Formação Botucatu,Granular,T02,Evidência química datada,2023-12-01,2.7433828210024847,3,UNKNOWN_SERIE_TEMPORAL_NAO_ADQUIRIDA
3500029180,Água Clara,Grupo Caiuá,Granular,T02,Evidência química datada,2023-11-30,2.746120728009473,3,UNKNOWN_SERIE_TEMPORAL_NAO_ADQUIRIDA
3500026990,Angélica,Grupo Caiuá,Granular,T02,Evidência química datada,2010-03-08,16.47672436805684,2,UNKNOWN_SERIE_TEMPORAL_NAO_ADQUIRIDA
3500027248,Chapadão do Sul,Formação Cachoeirinha,Granular,T02,Evidência química datada,2009-10-06,16.89562414012608,2,UNKNOWN_SERIE_TEMPORAL_NAO_ADQUIRIDA
3500027143,Dourados,Formação Serra Geral,Fraturada,T02,Evidência química datada,2019-09-12,6.962497518771775,2,UNKNOWN_SERIE_TEMPORAL_NAO_ADQUIRIDA
3500065140,Ribas do Rio Pardo,Grupo Caiuá,Granular,T02,Evidência química datada,2004-07-27,22.08943373238328,1,UNKNOWN_SERIE_TEMPORAL_NAO_ADQUIRIDA
3500026929,São Gabriel do Oeste,Grupo Bauru,Granular,T02,Evidência química datada,2008-03-03,18.48908601819339,1,UNKNOWN_SERIE_TEMPORAL_NAO_ADQUIRIDA
3500023176,Angélica,Grupo Caiuá,Granular,T02,Evidência química datada,1981-09-24,44.92905398468141,2,UNKNOWN_SERIE_TEMPORAL_NAO_ADQUIRIDA
3500023184,Anaurilândia,Grupo Caiuá,Granular,T02,Evidência química datada,1983-10-24,42.848244659370145,2,UNKNOWN_SERIE_TEMPORAL_NAO_ADQUIRIDA
3500026946,Campo Grande,Formação Serra Geral,Fraturada,T02,Evidência química datada,2008-03-08,18.47539648315845,1,UNKNOWN_SERIE_TEMPORAL_NAO_ADQUIRIDA
3500027247,Sidrolândia,Grupo Caiuá,Granular,T02,Evidência química datada,2019-09-12,6.962497518771775,2,UNKNOWN_SERIE_TEMPORAL_NAO_ADQUIRIDA
3500027072,Ivinhema,Grupo Caiuá,Granular,T02,Evidência química datada,2009-10-06,16.89562414012608,2,UNKNOWN_SERIE_TEMPORAL_NAO_ADQUIRIDA
3500026838,Camapuã,Formação Serra Geral,Fraturada,T02,Evidência química datada,2023-12-01,2.7433828210024847,3,UNKNOWN_SERIE_TEMPORAL_NAO_ADQUIRIDA
3500045188,Ladário,Embasamento Indiferenciado,Fraturada,T02,Evidência química datada,2008-09-11,17.963407872851597,1,UNKNOWN_SERIE_TEMPORAL_NAO_ADQUIRIDA
3500065113,Paraíso das Águas,Grupo Caiuá,Granular,T02,Evidência química datada,2003-03-17,23.452911421863558,1,UNKNOWN_SERIE_TEMPORAL_NAO_ADQUIRIDA
3500045198,Ladário,Grupo Corumbá,Cárstica,T02,Evidência química datada,2009-03-17,17.451419262544746,1,UNKNOWN_SERIE_TEMPORAL_NAO_ADQUIRIDA
3500027129,Terenos,Formação Serra Geral,Fraturada,T02,Evidência química datada,2011-01-16,15.617021567862448,2,UNKNOWN_SERIE_TEMPORAL_NAO_ADQUIRIDA
3500026912,Campo Grande,Formação Serra Geral,Fraturada,T02,Evidência química datada,2008-10-29,17.83198833651615,1,UNKNOWN_SERIE_TEMPORAL_NAO_ADQUIRIDA
3500026915,Sidrolândia,Formação Serra Geral,Fraturada,T02,Evidência química datada,2008-01-16,18.617767647521852,1,UNKNOWN_SERIE_TEMPORAL_NAO_ADQUIRIDA
3500026931,Itaporã,Formação Serra Geral,Fraturada,T02,Evidência química datada,2008-10-19,17.859367406586035,1,UNKNOWN_SERIE_TEMPORAL_NAO_ADQUIRIDA
3500027001,São Gabriel do Oeste,Grupo Bauru,Granular,T02,Evidência química datada,2008-06-17,18.19886787545261,1,UNKNOWN_SERIE_TEMPORAL_NAO_ADQUIRIDA
3500027073,Ivinhema,Grupo Caiuá,Granular,T02,Evidência química datada,2010-12-13,15.710110406100057,2,UNKNOWN_SERIE_TEMPORAL_NAO_ADQUIRIDA
3500027137,Nova Andradina,Grupo Caiuá,Granular,T02,Evidência química datada,2010-01-25,16.591716462350355,2,UNKNOWN_SERIE_TEMPORAL_NAO_ADQUIRIDA
3500023286,Brasilândia,Grupo Caiuá,Granular,T02,Evidência química datada,1981-02-10,45.547820968260815,2,UNKNOWN_SERIE_TEMPORAL_NAO_ADQUIRIDA
3500023360,Iguatemi,Grupo Caiuá,Granular,T02,Evidência química datada,1989-05-30,37.249224830078646,2,UNKNOWN_SERIE_TEMPORAL_NAO_ADQUIRIDA
3500027217,Deodápolis,Grupo Caiuá,Granular,T02,Evidência química datada,2010-01-25,16.591716462350355,2,UNKNOWN_SERIE_TEMPORAL_NAO_ADQUIRIDA
3500065134,Rio Brilhante,Formação Serra Geral,Fraturada,T02,Evidência química datada,2003-10-24,22.847833973319094,1,UNKNOWN_SERIE_TEMPORAL_NAO_ADQUIRIDA
3500045117,Aparecida do Taboado,Grupo Caiuá,Granular,T02,Evidência química datada,2008-08-21,18.020903919998357,1,UNKNOWN_SERIE_TEMPORAL_NAO_ADQUIRIDA
3500045263,Dourados,Formação Serra Geral,Fraturada,T02,Evidência química datada,2009-04-14,17.374757866349068,1,UNKNOWN_SERIE_TEMPORAL_NAO_ADQUIRIDA
3500045649,Rio Brilhante,Formação Serra Geral,Fraturada,T02,Evidência química datada,2010-03-26,16.427442041931045,1,UNKNOWN_SERIE_TEMPORAL_NAO_ADQUIRIDA
3500028107,Nioaque,Formação Botucatu,Granular,T02,Evidência química datada,2023-07-17,3.11847608095991,3,UNKNOWN_SERIE_TEMPORAL_NAO_ADQUIRIDA
3500026926,Nova Andradina,Grupo Caiuá,Granular,T02,Evidência química datada,2008-09-22,17.933290895774725,2,UNKNOWN_SERIE_TEMPORAL_NAO_ADQUIRIDA
3500045312,Corumbá,Grupo Corumbá,Cárstica,T02,Evidência química datada,2008-05-06,18.313859969746126,1,UNKNOWN_SERIE_TEMPORAL_NAO_ADQUIRIDA
3500027051,Itaporã,Formação Serra Geral,Fraturada,T02,Evidência química datada,2010-01-25,16.591716462350355,2,UNKNOWN_SERIE_TEMPORAL_NAO_ADQUIRIDA
3500027116,Caarapó,Grupo Caiuá,Granular,T02,Evidência química datada,2010-01-25,16.591716462350355,2,UNKNOWN_SERIE_TEMPORAL_NAO_ADQUIRIDA
3500026945,São Gabriel do Oeste,Grupo Bauru,Granular,T02,Evidência química datada,2008-06-17,18.19886787545261,1,UNKNOWN_SERIE_TEMPORAL_NAO_ADQUIRIDA
3500026973,Chapadão do Sul,Formação Cachoeirinha,Granular,T02,Evidência química datada,2008-06-06,18.228984852529482,1,UNKNOWN_SERIE_TEMPORAL_NAO_ADQUIRIDA
3500023349,Tacuru,Grupo Caiuá,Granular,T02,Evidência química datada,1981-05-06,45.31509887266679,2,UNKNOWN_SERIE_TEMPORAL_NAO_ADQUIRIDA
3500045680,Três Lagoas,Grupo Caiuá,Granular,T02,Evidência química datada,2010-01-01,16.65742623051808,2,UNKNOWN_SERIE_TEMPORAL_NAO_ADQUIRIDA
3500023283,Santa Rita do Pardo,Grupo Caiuá,Granular,T02,Evidência química datada,1981-07-27,45.09059049809373,2,UNKNOWN_SERIE_TEMPORAL_NAO_ADQUIRIDA
3500026968,Fátima do Sul,Formação Serra Geral,Fraturada,T02,Evidência química datada,2008-12-16,17.7005688001807,1,UNKNOWN_SERIE_TEMPORAL_NAO_ADQUIRIDA
3500026914,Campo Grande,Formação Serra Geral,Fraturada,T02,Evidência química datada,2008-06-25,18.176964619396703,1,UNKNOWN_SERIE_TEMPORAL_NAO_ADQUIRIDA
3500026971,Aparecida do Taboado,Grupo Caiuá,Granular,T02,Evidência química datada,2008-04-04,18.401472993969758,1,UNKNOWN_SERIE_TEMPORAL_NAO_ADQUIRIDA
3500065106,Campo Grande,Formação Serra Geral,Fraturada,T02,Evidência química datada,2003-03-14,23.461125142884523,1,UNKNOWN_SERIE_TEMPORAL_NAO_ADQUIRIDA
3500026924,São Gabriel do Oeste,Grupo Bauru,Granular,T02,Evidência química datada,2008-06-17,18.19886787545261,1,UNKNOWN_SERIE_TEMPORAL_NAO_ADQUIRIDA
3500026930,Caarapó,Grupo Caiuá,Granular,T02,Evidência química datada,2008-03-24,18.431589971046634,2,UNKNOWN_SERIE_TEMPORAL_NAO_ADQUIRIDA
3500027013,Caarapó,Grupo Caiuá,Granular,T02,Evidência química datada,2009-09-17,16.94764437325886,2,UNKNOWN_SERIE_TEMPORAL_NAO_ADQUIRIDA
3500027053,Água Clara,Grupo Caiuá,Granular,T02,Evidência química datada,2008-01-07,18.642408810584747,2,UNKNOWN_SERIE_TEMPORAL_NAO_ADQUIRIDA
3500045607,Angélica,Grupo Caiuá,Granular,T02,Evidência química datada,2010-05-10,16.304236226616563,2,UNKNOWN_SERIE_TEMPORAL_NAO_ADQUIRIDA
3500045683,Campo Grande,Formação Serra Geral,Fraturada,T02,Evidência química datada,2011-07-18,15.11598458558355,2,UNKNOWN_SERIE_TEMPORAL_NAO_ADQUIRIDA
3500045687,Bataguassu,Grupo Caiuá,Granular,T02,Evidência química datada,2011-01-01,15.658090172967276,2,UNKNOWN_SERIE_TEMPORAL_NAO_ADQUIRIDA
3500065049,Campo Grande,Formação Serra Geral,Fraturada,T02,Evidência química datada,2016-05-02,10.324647323353663,2,UNKNOWN_SERIE_TEMPORAL_NAO_ADQUIRIDA
3500065073,Taquarussu,Grupo Caiuá,Granular,T02,Evidência química datada,2015-08-03,11.072095936261524,2,UNKNOWN_SERIE_TEMPORAL_NAO_ADQUIRIDA
3500065076,Taquarussu,Grupo Caiuá,Granular,T02,Evidência química datada,2016-02-01,10.573796860989617,2,UNKNOWN_SERIE_TEMPORAL_NAO_ADQUIRIDA
3500065077,Terenos,Formação Serra Geral,Fraturada,T02,Evidência química datada,2016-10-14,9.872892667200558,2,UNKNOWN_SERIE_TEMPORAL_NAO_ADQUIRIDA
3500065083,Três Lagoas,Grupo Caiuá,Granular,T02,Evidência química datada,2015-08-03,11.072095936261524,2,UNKNOWN_SERIE_TEMPORAL_NAO_ADQUIRIDA
3500065132,Nioaque,Formação Botucatu,Granular,T02,Evidência química datada,2019-09-09,6.97071123979274,2,UNKNOWN_SERIE_TEMPORAL_NAO_ADQUIRIDA
3500065022,Camapuã,Formação Botucatu,Granular,T02,Evidência química datada,2016-01-25,10.592962210038536,2,UNKNOWN_SERIE_TEMPORAL_NAO_ADQUIRIDA
3500065024,Camapuã,Formação Botucatu,Granular,T02,Evidência química datada,2016-07-11,10.132993832864466,2,UNKNOWN_SERIE_TEMPORAL_NAO_ADQUIRIDA
3500065007,Antônio João,Formação Serra Geral,Fraturada,T02,Evidência química datada,2016-05-23,10.267151276206903,2,UNKNOWN_SERIE_TEMPORAL_NAO_ADQUIRIDA
3500065028,Campo Grande,Formação Serra Geral,Fraturada,T02,Evidência química datada,2016-10-04,9.900271737270444,2,UNKNOWN_SERIE_TEMPORAL_NAO_ADQUIRIDA
3500026932,Nova Alvorada do Sul,Formação Serra Geral,Fraturada,T02,Evidência química datada,2008-11-01,17.823774615495186,2,UNKNOWN_SERIE_TEMPORAL_NAO_ADQUIRIDA
3500026949,Nova Andradina,Grupo Caiuá,Granular,T02,Evidência química datada,2008-07-16,18.119468572249943,2,UNKNOWN_SERIE_TEMPORAL_NAO_ADQUIRIDA
3500026958,Caarapó,Grupo Caiuá,Granular,T02,Evidência química datada,2009-03-20,17.44320554152378,2,UNKNOWN_SERIE_TEMPORAL_NAO_ADQUIRIDA
3500026963,Bataguassu,Grupo Caiuá,Granular,T02,Evidência química datada,2006-10-26,19.841612079645714,2,UNKNOWN_SERIE_TEMPORAL_NAO_ADQUIRIDA
3500026964,Deodápolis,Grupo Caiuá,Granular,T02,Evidência química datada,2006-10-26,19.841612079645714,2,UNKNOWN_SERIE_TEMPORAL_NAO_ADQUIRIDA
3500026994,Campo Grande,Formação Serra Geral,Fraturada,T02,Evidência química datada,2010-03-16,16.454821112000932,2,UNKNOWN_SERIE_TEMPORAL_NAO_ADQUIRIDA
3500027003,Ponta Porã,Formação Serra Geral,Fraturada,T02,Evidência química datada,2009-07-09,17.13929786374806,2,UNKNOWN_SERIE_TEMPORAL_NAO_ADQUIRIDA
3500027004,Inocência,Grupo Bauru,Granular,T02,Evidência química datada,2009-08-01,17.076326002587322,2,UNKNOWN_SERIE_TEMPORAL_NAO_ADQUIRIDA
3500027005,Itaporã,Formação Serra Geral,Fraturada,T02,Evidência química datada,2009-06-08,17.224172980964703,2,UNKNOWN_SERIE_TEMPORAL_NAO_ADQUIRIDA
3500027041,Ponta Porã,Grupo Caiuá,Granular,T02,Evidência química datada,2009-08-28,17.002402513398632,2,UNKNOWN_SERIE_TEMPORAL_NAO_ADQUIRIDA
3500027048,Maracaju,Formação Serra Geral,Fraturada,T02,Evidência química datada,2009-08-27,17.00514042040562,2,UNKNOWN_SERIE_TEMPORAL_NAO_ADQUIRIDA
3500027102,Campo Grande,Formação Serra Geral,Fraturada,T02,Evidência química datada,2009-12-29,16.665639951539045,2,UNKNOWN_SERIE_TEMPORAL_NAO_ADQUIRIDA
3500027104,Campo Grande,Formação Serra Geral,Fraturada,T02,Evidência química datada,2009-12-23,16.682067393580976,2,UNKNOWN_SERIE_TEMPORAL_NAO_ADQUIRIDA
3500027105,Nova Andradina,Grupo Caiuá,Granular,T02,Evidência química datada,2010-01-20,16.605405997385297,2,UNKNOWN_SERIE_TEMPORAL_NAO_ADQUIRIDA
3500027257,Aquidauana,Formação Aquidauana,Granular,T02,Evidência química datada,2009-01-26,17.588314612894173,2,UNKNOWN_SERIE_TEMPORAL_NAO_ADQUIRIDA
3500045610,Maracaju,Formação Serra Geral,Fraturada,T02,Evidência química datada,2009-06-01,17.24333833001362,2,UNKNOWN_SERIE_TEMPORAL_NAO_ADQUIRIDA
3500045633,Costa Rica,Grupo Caiuá,Granular,T02,Evidência química datada,2012-05-25,14.261757599403136,2,UNKNOWN_SERIE_TEMPORAL_NAO_ADQUIRIDA
3500023366,Juti,Grupo Caiuá,Granular,T02,Evidência química datada,1980-09-10,45.966720740330054,2,UNKNOWN_SERIE_TEMPORAL_NAO_ADQUIRIDA
3500023304,Selvíria,Grupo Caiuá,Granular,T02,Evidência química datada,1980-04-11,46.382882605392304,2,UNKNOWN_SERIE_TEMPORAL_NAO_ADQUIRIDA
3500023318,Aparecida do Taboado,Grupo Caiuá,Granular,T02,Evidência química datada,1981-07-29,45.085114684079755,2,UNKNOWN_SERIE_TEMPORAL_NAO_ADQUIRIDA
3500022743,Ponta Porã,Grupo Caiuá,Granular,T02,Evidência química datada,2004-08-05,22.06479256932038,2,UNKNOWN_SERIE_TEMPORAL_NAO_ADQUIRIDA
3500026933,Nova Alvorada do Sul,Formação Serra Geral,Fraturada,T02,Evidência química datada,2008-10-14,17.873056941620977,2,UNKNOWN_SERIE_TEMPORAL_NAO_ADQUIRIDA
3500027071,Dourados,Formação Serra Geral,Fraturada,T02,Evidência química datada,2007-07-03,19.157135327898587,2,UNKNOWN_SERIE_TEMPORAL_NAO_ADQUIRIDA
3500045601,Três Lagoas,Depósitos aluvionares,Granular,T02,Evidência química datada,2008-10-31,17.826512522502174,2,UNKNOWN_SERIE_TEMPORAL_NAO_ADQUIRIDA
3500023193,Aquidauana,Formação Aquidauana,Granular,T02,Evidência química datada,1982-07-15,44.12410932462679,2,UNKNOWN_SERIE_TEMPORAL_NAO_ADQUIRIDA
3500023125,Água Clara,Grupo Caiuá,Granular,T02,Evidência química datada,1980-01-07,46.642983771056215,2,UNKNOWN_SERIE_TEMPORAL_NAO_ADQUIRIDA
3500023213,Rochedo,Formação Botucatu,Granular,T02,Evidência química datada,1979-05-17,47.286391917698516,2,UNKNOWN_SERIE_TEMPORAL_NAO_ADQUIRIDA
3500026999,Dourados,Formação Serra Geral,Fraturada,T02,Evidência química datada,2009-07-01,17.161201119803966,2,UNKNOWN_SERIE_TEMPORAL_NAO_ADQUIRIDA
3500045686,Brasilândia,Grupo Caiuá,Granular,T02,Evidência química datada,2010-12-10,15.718324127121022,2,UNKNOWN_SERIE_TEMPORAL_NAO_ADQUIRIDA
3500045624,Bataguassu,Grupo Caiuá,Granular,T02,Evidência química datada,2012-02-20,14.521858765067044,2,UNKNOWN_SERIE_TEMPORAL_NAO_ADQUIRIDA
3500045660,Miranda,Grupo Cuiaba,Fraturada,T02,Evidência química datada,2009-09-22,16.93395483822392,2,UNKNOWN_SERIE_TEMPORAL_NAO_ADQUIRIDA
3500023196,Dois Irmãos do Buriti,Formação Serra Geral,Fraturada,T02,Evidência química datada,2004-07-29,22.0839579183693,2,UNKNOWN_SERIE_TEMPORAL_NAO_ADQUIRIDA
3500023319,Aparecida do Taboado,Grupo Caiuá,Granular,T02,Evidência química datada,1984-03-21,42.44029651532885,2,UNKNOWN_SERIE_TEMPORAL_NAO_ADQUIRIDA
3500027110,Dois Irmãos do Buriti,Formação Serra Geral,Fraturada,T02,Evidência química datada,2009-12-11,16.71492227766484,2,UNKNOWN_SERIE_TEMPORAL_NAO_ADQUIRIDA
3500027233,Terenos,Formação Serra Geral,Fraturada,T02,Evidência química datada,2009-10-06,16.89562414012608,2,UNKNOWN_SERIE_TEMPORAL_NAO_ADQUIRIDA
3500045619,Rio Brilhante,Formação Serra Geral,Fraturada,T02,Evidência química datada,2010-01-25,16.591716462350355,2,UNKNOWN_SERIE_TEMPORAL_NAO_ADQUIRIDA
3500045674,Rio Brilhante,Formação Serra Geral,Fraturada,T02,Evidência química datada,2010-03-26,16.427442041931045,2,UNKNOWN_SERIE_TEMPORAL_NAO_ADQUIRIDA
3500045679,Campo Grande,Formação Serra Geral,Fraturada,T02,Evidência química datada,2008-01-01,18.658836252626678,2,UNKNOWN_SERIE_TEMPORAL_NAO_ADQUIRIDA
3500045684,Miranda,Formação Pantanal,Granular,T02,Evidência química datada,2010-03-04,16.487675996084793,2,UNKNOWN_SERIE_TEMPORAL_NAO_ADQUIRIDA
3500045688,Terenos,Formação Serra Geral,Fraturada,T02,Evidência química datada,2011-06-21,15.18990807477224,2,UNKNOWN_SERIE_TEMPORAL_NAO_ADQUIRIDA
3500045706,Três Lagoas,Grupo Caiuá,Granular,T02,Evidência química datada,2012-10-03,13.90309178148764,2,UNKNOWN_SERIE_TEMPORAL_NAO_ADQUIRIDA
3500045712,Três Lagoas,Grupo Caiuá,Granular,T02,Evidência química datada,2012-08-27,14.004394340746217,2,UNKNOWN_SERIE_TEMPORAL_NAO_ADQUIRIDA
3500053079,Dourados,Formação Serra Geral,Fraturada,T02,Evidência química datada,2007-06-11,19.217369282052335,2,UNKNOWN_SERIE_TEMPORAL_NAO_ADQUIRIDA
3500053089,Caarapó,Grupo Caiuá,Granular,T02,Evidência química datada,2010-01-01,16.65742623051808,2,UNKNOWN_SERIE_TEMPORAL_NAO_ADQUIRIDA
3500065030,Campo Grande,Formação Serra Geral,Fraturada,T02,Evidência química datada,2016-07-01,10.160372902934352,2,UNKNOWN_SERIE_TEMPORAL_NAO_ADQUIRIDA
3500065032,Campo Grande,Formação Serra Geral,Fraturada,T02,Evidência química datada,2016-04-01,10.409522440570306,2,UNKNOWN_SERIE_TEMPORAL_NAO_ADQUIRIDA
3500065061,Ivinhema,Grupo Caiuá,Granular,T02,Evidência química datada,2015-11-23,10.765450351478812,2,UNKNOWN_SERIE_TEMPORAL_NAO_ADQUIRIDA
3500065065,Novo Horizonte do Sul,Grupo Caiuá,Granular,T02,Evidência química datada,2015-11-23,10.765450351478812,2,UNKNOWN_SERIE_TEMPORAL_NAO_ADQUIRIDA
3500065069,Rio Brilhante,Formação Serra Geral,Fraturada,T02,Evidência química datada,2016-01-12,10.628555001129387,2,UNKNOWN_SERIE_TEMPORAL_NAO_ADQUIRIDA
3500065074,Selvíria,Grupo Caiuá,Granular,T02,Evidência química datada,2016-07-27,10.08918732075265,2,UNKNOWN_SERIE_TEMPORAL_NAO_ADQUIRIDA
3500065056,Figueirão,Formação Botucatu,Granular,T02,Evidência química datada,2016-07-04,10.152159181913387,2,UNKNOWN_SERIE_TEMPORAL_NAO_ADQUIRIDA
3500064999,Água Clara,Grupo Caiuá,Granular,T02,Evidência química datada,2016-01-19,10.609389652080466,2,UNKNOWN_SERIE_TEMPORAL_NAO_ADQUIRIDA
3500065000,Água Clara,Grupo Caiuá,Granular,T02,Evidência química datada,2015-09-15,10.954365934961018,2,UNKNOWN_SERIE_TEMPORAL_NAO_ADQUIRIDA
3500065003,Água Clara,Grupo Caiuá,Granular,T02,Evidência química datada,2015-09-15,10.954365934961018,2,UNKNOWN_SERIE_TEMPORAL_NAO_ADQUIRIDA
3500065015,Bataguassu,Grupo Caiuá,Granular,T02,Evidência química datada,2016-10-18,9.861941039172605,2,UNKNOWN_SERIE_TEMPORAL_NAO_ADQUIRIDA
3500065019,Bonito,Grupo Cuiaba,Cárstica,T02,Evidência química datada,2016-03-28,10.42047406859826,2,UNKNOWN_SERIE_TEMPORAL_NAO_ADQUIRIDA
3500026927,Nova Andradina,Grupo Caiuá,Granular,T02,Evidência química datada,2008-09-22,17.933290895774725,3,UNKNOWN_SERIE_TEMPORAL_NAO_ADQUIRIDA
3500026942,Ivinhema,Grupo Caiuá,Granular,T02,Evidência química datada,2008-12-05,17.730685777257577,2,UNKNOWN_SERIE_TEMPORAL_NAO_ADQUIRIDA
3500026955,Naviraí,Grupo Caiuá,Granular,T02,Evidência química datada,2009-01-12,17.62664531099201,2,UNKNOWN_SERIE_TEMPORAL_NAO_ADQUIRIDA
3500026961,Deodápolis,Grupo Caiuá,Granular,T02,Evidência química datada,2006-10-26,19.841612079645714,2,UNKNOWN_SERIE_TEMPORAL_NAO_ADQUIRIDA
3500026969,Nova Andradina,Grupo Caiuá,Granular,T02,Evidência química datada,2008-12-08,17.722472056236608,2,UNKNOWN_SERIE_TEMPORAL_NAO_ADQUIRIDA
3500026978,Rio Brilhante,Formação Serra Geral,Fraturada,T02,Evidência química datada,2008-10-16,17.867581127607,2,UNKNOWN_SERIE_TEMPORAL_NAO_ADQUIRIDA
3500026995,Terenos,Formação Serra Geral,Fraturada,T02,Evidência química datada,2009-06-01,17.24333833001362,2,UNKNOWN_SERIE_TEMPORAL_NAO_ADQUIRIDA
3500026996,Ladário,Embasamento Indiferenciado,Fraturada,T02,Evidência química datada,2006-10-03,19.90458394080645,2,UNKNOWN_SERIE_TEMPORAL_NAO_ADQUIRIDA
3500027021,Campo Grande,Formação Serra Geral,Fraturada,T02,Evidência química datada,2009-09-03,16.9859750713567,2,UNKNOWN_SERIE_TEMPORAL_NAO_ADQUIRIDA
3500027029,Três Lagoas,Formação Serra Geral,Fraturada,T02,Evidência química datada,2009-06-30,17.163939026810954,2,UNKNOWN_SERIE_TEMPORAL_NAO_ADQUIRIDA
3500027062,Dourados,Formação Serra Geral,Fraturada,T02,Evidência química datada,2008-04-08,18.390521365941805,2,UNKNOWN_SERIE_TEMPORAL_NAO_ADQUIRIDA
3500027090,Nova Andradina,Grupo Caiuá,Granular,T02,Evidência química datada,2009-07-06,17.147511584769024,2,UNKNOWN_SERIE_TEMPORAL_NAO_ADQUIRIDA
3500027146,Nova Andradina,Grupo Caiuá,Granular,T02,Evidência química datada,2009-10-01,16.909313675161023,2,UNKNOWN_SERIE_TEMPORAL_NAO_ADQUIRIDA
3500027170,Campo Grande,Formação Serra Geral,Fraturada,T02,Evidência química datada,2009-08-28,17.002402513398632,2,UNKNOWN_SERIE_TEMPORAL_NAO_ADQUIRIDA
3500027287,São Gabriel do Oeste,Formação Botucatu,Granular,T02,Evidência química datada,2010-03-15,16.45755901900792,2,UNKNOWN_SERIE_TEMPORAL_NAO_ADQUIRIDA
3500045235,Laguna Carapã,Formação Serra Geral,Fraturada,T02,Evidência química datada,2009-07-15,17.122870421706125,2,UNKNOWN_SERIE_TEMPORAL_NAO_ADQUIRIDA
3500053096,Chapadão do Sul,Formação Cachoeirinha,Granular,T02,Evidência química datada,2007-12-14,18.708118578752472,2,UNKNOWN_SERIE_TEMPORAL_NAO_ADQUIRIDA
3500045614,Selvíria,Grupo Caiuá,Granular,T02,Evidência química datada,2010-01-25,16.591716462350355,2,UNKNOWN_SERIE_TEMPORAL_NAO_ADQUIRIDA
3500023128,Água Clara,Grupo Caiuá,Granular,T02,Evidência química datada,1980-01-07,46.642983771056215,2,UNKNOWN_SERIE_TEMPORAL_NAO_ADQUIRIDA
3500023181,Anaurilândia,Grupo Caiuá,Granular,T02,Evidência química datada,1996-03-15,30.456477545740157,2,UNKNOWN_SERIE_TEMPORAL_NAO_ADQUIRIDA
3500045642,Novo Horizonte do Sul,Depósitos aluvionares,Granular,T02,Evidência química datada,2011-11-17,14.781959930730952,2,UNKNOWN_SERIE_TEMPORAL_NAO_ADQUIRIDA
3500023127,Água Clara,Grupo Caiuá,Granular,T02,Evidência química datada,1980-01-18,46.61286679397934,2,UNKNOWN_SERIE_TEMPORAL_NAO_ADQUIRIDA
3500045552,Campo Grande,Formação Serra Geral,Fraturada,T02,Evidência química datada,2010-04-30,16.331615296686447,2,UNKNOWN_SERIE_TEMPORAL_NAO_ADQUIRIDA
3500045698,Campo Grande,Formação Serra Geral,Fraturada,T02,Evidência química datada,2009-09-10,16.966809722307783,2,UNKNOWN_SERIE_TEMPORAL_NAO_ADQUIRIDA
3500045627,Campo Grande,Formação Serra Geral,Fraturada,T02,Evidência química datada,2008-04-18,18.36314229587192,2,UNKNOWN_SERIE_TEMPORAL_NAO_ADQUIRIDA
3500045710,Três Lagoas,Grupo Caiuá,Granular,T02,Evidência química datada,2012-09-20,13.938684572578492,2,UNKNOWN_SERIE_TEMPORAL_NAO_ADQUIRIDA
3500045702,Ivinhema,Grupo Caiuá,Granular,T02,Evidência química datada,2012-10-02,13.90582968849463,2,UNKNOWN_SERIE_TEMPORAL_NAO_ADQUIRIDA
3500027103,Campo Grande,Formação Serra Geral,Fraturada,T02,Evidência química datada,2009-12-23,16.682067393580976,2,UNKNOWN_SERIE_TEMPORAL_NAO_ADQUIRIDA
3500027251,Fátima do Sul,Formação Serra Geral,Fraturada,T02,Evidência química datada,2010-10-25,15.844267849442494,2,UNKNOWN_SERIE_TEMPORAL_NAO_ADQUIRIDA
3500045340,Campo Grande,Grupo Caiuá,Granular,T02,Evidência química datada,2010-11-29,15.748441104197896,2,UNKNOWN_SERIE_TEMPORAL_NAO_ADQUIRIDA
3500022587,Inocência,Grupo Bauru,Granular,T02,Evidência química datada,2005-10-22,20.851899765224474,2,UNKNOWN_SERIE_TEMPORAL_NAO_ADQUIRIDA
3500026993,Campo Grande,Formação Serra Geral,Fraturada,T02,Evidência química datada,2009-07-07,17.144773677762036,2,UNKNOWN_SERIE_TEMPORAL_NAO_ADQUIRIDA
3500022918,Campo Grande,Formação Serra Geral,Fraturada,T02,Evidência química datada,2003-08-20,23.02579792877335,2,UNKNOWN_SERIE_TEMPORAL_NAO_ADQUIRIDA
3500022684,Amambai,Formação Serra Geral,Fraturada,T02,Evidência química datada,2004-08-05,22.06479256932038,2,UNKNOWN_SERIE_TEMPORAL_NAO_ADQUIRIDA
3500022712,Laguna Carapã,Formação Serra Geral,Fraturada,T02,Evidência química datada,2004-08-04,22.06753047632737,2,UNKNOWN_SERIE_TEMPORAL_NAO_ADQUIRIDA
3500065128,Dourados,Grupo Caiuá,Granular,T02,Evidência química datada,2019-09-09,6.97071123979274,2,UNKNOWN_SERIE_TEMPORAL_NAO_ADQUIRIDA
3500045613,Três Lagoas,Formação Serra Geral,Fraturada,T02,Evidência química datada,2010-01-25,16.591716462350355,2,UNKNOWN_SERIE_TEMPORAL_NAO_ADQUIRIDA
3500053087,Miranda,Grupo Cuiaba,Fraturada,T02,Evidência química datada,2009-09-08,16.97228553632176,2,UNKNOWN_SERIE_TEMPORAL_NAO_ADQUIRIDA
3500045634,Caarapó,Grupo Caiuá,Granular,T02,Evidência química datada,2009-06-08,17.224172980964703,2,UNKNOWN_SERIE_TEMPORAL_NAO_ADQUIRIDA
3500023233,São Gabriel do Oeste,Grupo Bauru,Granular,T02,Evidência química datada,1998-05-02,28.3263858943031,2,UNKNOWN_SERIE_TEMPORAL_NAO_ADQUIRIDA
3500045641,Selvíria,Grupo Caiuá,Granular,T02,Evidência química datada,2009-10-21,16.85455553502125,2,UNKNOWN_SERIE_TEMPORAL_NAO_ADQUIRIDA
3500023156,Aral Moreira,Formação Serra Geral,Fraturada,T02,Evidência química datada,1980-07-14,46.12551934673539,2,UNKNOWN_SERIE_TEMPORAL_NAO_ADQUIRIDA
3500065063,Ladário,Grupo Corumbá,Cárstica,T02,Evidência química datada,2016-05-05,10.316433602332697,2,UNKNOWN_SERIE_TEMPORAL_NAO_ADQUIRIDA
3500045704,Três Lagoas,Grupo Caiuá,Granular,T02,Evidência química datada,2012-07-02,14.157717133137572,2,UNKNOWN_SERIE_TEMPORAL_NAO_ADQUIRIDA
3500065035,Campo Grande,Formação Serra Geral,Fraturada,T02,Evidência química datada,2016-06-15,10.204179415046168,2,UNKNOWN_SERIE_TEMPORAL_NAO_ADQUIRIDA
3500065037,Campo Grande,Formação Serra Geral,Fraturada,T02,Evidência química datada,2016-04-15,10.371191742472467,2,UNKNOWN_SERIE_TEMPORAL_NAO_ADQUIRIDA
3500065042,Campo Grande,Formação Serra Geral,Fraturada,T02,Evidência química datada,2016-07-11,10.132993832864466,2,UNKNOWN_SERIE_TEMPORAL_NAO_ADQUIRIDA
3500065052,Deodápolis,Grupo Caiuá,Granular,T02,Evidência química datada,2015-09-22,10.9352005859121,2,UNKNOWN_SERIE_TEMPORAL_NAO_ADQUIRIDA
3500065079,Três Lagoas,Grupo Caiuá,Granular,T02,Evidência química datada,2011-05-12,15.29942435505178,2,UNKNOWN_SERIE_TEMPORAL_NAO_ADQUIRIDA
3500065084,Vicentina,Grupo Caiuá,Granular,T02,Evidência química datada,2015-11-16,10.78461570052773,2,UNKNOWN_SERIE_TEMPORAL_NAO_ADQUIRIDA
3500065059,Itaporã,Formação Serra Geral,Fraturada,T02,Evidência química datada,2016-10-24,9.845513597130672,2,UNKNOWN_SERIE_TEMPORAL_NAO_ADQUIRIDA
3500023220,Corguinho,Formação Botucatu,Granular,T02,Evidência química datada,2003-10-18,22.864261415361028,1,UNKNOWN_SERIE_TEMPORAL_NAO_ADQUIRIDA
3500023238,São Gabriel do Oeste,Formação Botucatu,Granular,T02,Evidência química datada,2003-03-17,23.452911421863558,2,UNKNOWN_SERIE_TEMPORAL_NAO_ADQUIRIDA
3500065129,Jardim,Formação Botucatu,Granular,T02,Evidência química datada,2019-09-09,6.97071123979274,2,UNKNOWN_SERIE_TEMPORAL_NAO_ADQUIRIDA
3500026839,Coxim,Formação Furnas,Granular,T02,Evidência química datada,2020-09-12,5.960423554213981,3,UNKNOWN_SERIE_TEMPORAL_NAO_ADQUIRIDA
3500065002,Água Clara,Formação Serra Geral,Fraturada,T02,Evidência química datada,2016-03-28,10.42047406859826,2,UNKNOWN_SERIE_TEMPORAL_NAO_ADQUIRIDA
3500065005,Antônio João,Formação Serra Geral,Fraturada,T02,Evidência química datada,2016-02-22,10.516300813842857,2,UNKNOWN_SERIE_TEMPORAL_NAO_ADQUIRIDA
3500065010,Aral Moreira,Formação Serra Geral,Fraturada,T02,Evidência química datada,2016-03-10,10.469756394724053,2,UNKNOWN_SERIE_TEMPORAL_NAO_ADQUIRIDA
3500065048,Campo Grande,Formação Serra Geral,Fraturada,T02,Evidência química datada,2016-07-12,10.130255925857478,2,UNKNOWN_SERIE_TEMPORAL_NAO_ADQUIRIDA
3500026965,Campo Grande,Formação Serra Geral,Fraturada,T02,Evidência química datada,2009-02-12,17.541770193775367,2,UNKNOWN_SERIE_TEMPORAL_NAO_ADQUIRIDA
3500027006,Ladário,Embasamento Indiferenciado,Fraturada,T02,Evidência química datada,2006-10-03,19.90458394080645,2,UNKNOWN_SERIE_TEMPORAL_NAO_ADQUIRIDA
3500027011,Dourados,Formação Serra Geral,Fraturada,T02,Evidência química datada,2009-07-20,17.109180886671183,2,UNKNOWN_SERIE_TEMPORAL_NAO_ADQUIRIDA
3500027023,Três Lagoas,Grupo Caiuá,Granular,T02,Evidência química datada,2009-10-08,16.890148326112104,2,UNKNOWN_SERIE_TEMPORAL_NAO_ADQUIRIDA
3500027042,Ladário,Formação Pantanal,Granular,T02,Evidência química datada,2006-10-03,19.90458394080645,2,UNKNOWN_SERIE_TEMPORAL_NAO_ADQUIRIDA
3500027088,Ladário,Grupo Corumbá,Cárstica,T02,Evidência química datada,2008-05-06,18.313859969746126,2,UNKNOWN_SERIE_TEMPORAL_NAO_ADQUIRIDA
3500027093,Nioaque,Formação Aquidauana,Granular,T02,Evidência química datada,2009-07-03,17.15572530578999,2,UNKNOWN_SERIE_TEMPORAL_NAO_ADQUIRIDA
3500027148,Rio Brilhante,Formação Serra Geral,Fraturada,T02,Evidência química datada,2009-12-30,16.662902044532057,2,UNKNOWN_SERIE_TEMPORAL_NAO_ADQUIRIDA
3500027175,Três Lagoas,Grupo Caiuá,Granular,T02,Evidência química datada,2009-11-23,16.76420460379063,2,UNKNOWN_SERIE_TEMPORAL_NAO_ADQUIRIDA
3500027239,Coxim,Formação Furnas,Granular,T02,Evidência química datada,2010-02-02,16.569813206294448,2,UNKNOWN_SERIE_TEMPORAL_NAO_ADQUIRIDA
3500027269,Dois Irmãos do Buriti,Formação Aquidauana,Granular,T02,Evidência química datada,2010-01-25,16.591716462350355,2,UNKNOWN_SERIE_TEMPORAL_NAO_ADQUIRIDA
3500027290,Glória de Dourados,Grupo Caiuá,Granular,T02,Evidência química datada,2010-02-08,16.553385764252518,2,UNKNOWN_SERIE_TEMPORAL_NAO_ADQUIRIDA
3500045155,Campo Grande,Formação Serra Geral,Fraturada,T02,Evidência química datada,2009-11-10,16.799797394881484,2,UNKNOWN_SERIE_TEMPORAL_NAO_ADQUIRIDA
3500045609,Campo Grande,Formação Serra Geral,Fraturada,T02,Evidência química datada,2010-05-11,16.301498319609575,2,UNKNOWN_SERIE_TEMPORAL_NAO_ADQUIRIDA
3500045611,Vicentina,Formação Serra Geral,Fraturada,T02,Evidência química datada,2010-01-25,16.591716462350355,2,UNKNOWN_SERIE_TEMPORAL_NAO_ADQUIRIDA
3500053095,São Gabriel do Oeste,Grupo Bauru,Granular,T02,Evidência química datada,2008-06-06,18.228984852529482,2,UNKNOWN_SERIE_TEMPORAL_NAO_ADQUIRIDA
3500027080,Douradina,Formação Serra Geral,Fraturada,T02,Evidência química datada,2010-06-14,16.208409481371966,2,UNKNOWN_SERIE_TEMPORAL_NAO_ADQUIRIDA
3500030619,Bonito,Grupo Cuiaba,Fraturada,T02,Evidência química datada,2011-05-25,15.26383156396093,2,UNKNOWN_SERIE_TEMPORAL_NAO_ADQUIRIDA
3500045653,Alcinópolis,Grupo Caiuá,Granular,T02,Evidência química datada,2012-09-03,13.985228991697296,2,UNKNOWN_SERIE_TEMPORAL_NAO_ADQUIRIDA
3500045650,Rio Brilhante,Formação Serra Geral,Fraturada,T02,Evidência química datada,2010-03-26,16.427442041931045,2,UNKNOWN_SERIE_TEMPORAL_NAO_ADQUIRIDA
3500023247,Camapuã,Formação Botucatu,Granular,T02,Evidência química datada,2003-03-17,23.452911421863558,2,UNKNOWN_SERIE_TEMPORAL_NAO_ADQUIRIDA
3500045654,Rio Verde de Mato Grosso,Formação Furnas,Granular,T02,Evidência química datada,2012-02-28,14.499955509011135,2,UNKNOWN_SERIE_TEMPORAL_NAO_ADQUIRIDA
3500045669,Sidrolândia,Formação Serra Geral,Fraturada,T02,Evidência química datada,2010-12-13,15.710110406100057,2,UNKNOWN_SERIE_TEMPORAL_NAO_ADQUIRIDA
3500053078,Angélica,Grupo Caiuá,Granular,T02,Evidência química datada,2010-04-13,16.378159715805253,2,UNKNOWN_SERIE_TEMPORAL_NAO_ADQUIRIDA
3500027163,Rio Brilhante,Formação Serra Geral,Fraturada,T02,Evidência química datada,2009-08-31,16.994188792377667,2,UNKNOWN_SERIE_TEMPORAL_NAO_ADQUIRIDA
3500045604,Caarapó,Grupo Caiuá,Granular,T02,Evidência química datada,2007-12-20,18.691691136710542,2,UNKNOWN_SERIE_TEMPORAL_NAO_ADQUIRIDA
3500022813,Sidrolândia,Formação Serra Geral,Fraturada,T02,Evidência química datada,2003-08-20,23.02579792877335,2,UNKNOWN_SERIE_TEMPORAL_NAO_ADQUIRIDA
3500022566,Costa Rica,Grupo Caiuá,Granular,T02,Evidência química datada,2003-03-18,23.450173514856566,2,UNKNOWN_SERIE_TEMPORAL_NAO_ADQUIRIDA
3500022875,Rio Brilhante,Formação Serra Geral,Fraturada,T02,Evidência química datada,2003-10-24,22.847833973319094,2,UNKNOWN_SERIE_TEMPORAL_NAO_ADQUIRIDA
3500065110,Terenos,Formação Serra Geral,Fraturada,T02,Evidência química datada,2019-09-06,6.978924960813706,2,UNKNOWN_SERIE_TEMPORAL_NAO_ADQUIRIDA
3500023163,Antônio João,Formação Serra Geral,Fraturada,T02,Evidência química datada,1979-10-09,46.88939540168518,2,UNKNOWN_SERIE_TEMPORAL_NAO_ADQUIRIDA
3500045636,Campo Grande,Formação Serra Geral,Fraturada,T02,Evidência química datada,2006-10-21,19.855301614680656,2,UNKNOWN_SERIE_TEMPORAL_NAO_ADQUIRIDA
3500023187,Aquidauana,Formação Aquidauana,Granular,T02,Evidência química datada,1981-03-27,45.42461515294633,2,UNKNOWN_SERIE_TEMPORAL_NAO_ADQUIRIDA
3500023173,Angélica,Grupo Caiuá,Granular,T02,Evidência química datada,1994-03-24,32.43324640478586,2,UNKNOWN_SERIE_TEMPORAL_NAO_ADQUIRIDA
3500045701,Ladário,Grupo Corumbá,Cárstica,T02,Evidência química datada,2008-01-01,18.658836252626678,2,UNKNOWN_SERIE_TEMPORAL_NAO_ADQUIRIDA
3500027144,Dourados,Formação Serra Geral,Fraturada,T02,Evidência química datada,2009-10-19,16.86003134903523,2,UNKNOWN_SERIE_TEMPORAL_NAO_ADQUIRIDA
3500045673,Ivinhema,Grupo Caiuá,Granular,T02,Evidência química datada,2010-06-28,16.170078783274125,2,UNKNOWN_SERIE_TEMPORAL_NAO_ADQUIRIDA
3500045708,Três Lagoas,Grupo Caiuá,Granular,T02,Evidência química datada,2012-08-09,14.05367666687201,2,UNKNOWN_SERIE_TEMPORAL_NAO_ADQUIRIDA
3500065034,Campo Grande,Formação Serra Geral,Fraturada,T02,Evidência química datada,2016-05-02,10.324647323353663,2,UNKNOWN_SERIE_TEMPORAL_NAO_ADQUIRIDA
3500065041,Campo Grande,Formação Serra Geral,Fraturada,T02,Evidência química datada,2016-06-23,10.182276158990259,2,UNKNOWN_SERIE_TEMPORAL_NAO_ADQUIRIDA
3500065050,Campo Grande,Formação Serra Geral,Fraturada,T02,Evidência química datada,2016-05-02,10.324647323353663,2,UNKNOWN_SERIE_TEMPORAL_NAO_ADQUIRIDA
3500065051,Campo Grande,Formação Serra Geral,Fraturada,T02,Evidência química datada,2016-06-28,10.168586623955317,2,UNKNOWN_SERIE_TEMPORAL_NAO_ADQUIRIDA
3500065080,Três Lagoas,Grupo Caiuá,Granular,T02,Evidência química datada,2015-12-14,10.707954304332054,2,UNKNOWN_SERIE_TEMPORAL_NAO_ADQUIRIDA
3500065088,Corguinho,Formação Botucatu,Granular,T02,Evidência química datada,2019-09-05,6.9816628678206945,2,UNKNOWN_SERIE_TEMPORAL_NAO_ADQUIRIDA
3500065125,São Gabriel do Oeste,Grupo Bauru,Granular,T02,Evidência química datada,2019-09-09,6.97071123979274,2,UNKNOWN_SERIE_TEMPORAL_NAO_ADQUIRIDA
3500065004,Antônio João,Formação Serra Geral,Fraturada,T02,Evidência química datada,2015-06-23,11.184350123548054,2,UNKNOWN_SERIE_TEMPORAL_NAO_ADQUIRIDA
3500065008,Aparecida do Taboado,Grupo Caiuá,Granular,T02,Evidência química datada,2016-04-05,10.398570812542351,2,UNKNOWN_SERIE_TEMPORAL_NAO_ADQUIRIDA
3500065011,Bataguassu,Depósitos aluvionares,Granular,T02,Evidência química datada,2016-05-09,10.305481974304742,2,UNKNOWN_SERIE_TEMPORAL_NAO_ADQUIRIDA
3500065012,Bataguassu,Grupo Caiuá,Granular,T02,Evidência química datada,2015-11-16,10.78461570052773,2,UNKNOWN_SERIE_TEMPORAL_NAO_ADQUIRIDA
3500065020,Bonito,Grupo Cuiaba,Fraturada,T02,Evidência química datada,2016-01-25,10.592962210038536,2,UNKNOWN_SERIE_TEMPORAL_NAO_ADQUIRIDA
3500034020,Inocência,Grupo Bauru,Granular,T02,Evidência química datada,2023-12-04,2.735169099981519,3,UNKNOWN_SERIE_TEMPORAL_NAO_ADQUIRIDA
3500065033,Campo Grande,Formação Serra Geral,Fraturada,T02,Evidência química datada,2016-04-06,10.395832905535363,2,UNKNOWN_SERIE_TEMPORAL_NAO_ADQUIRIDA
3500026941,Nova Andradina,Grupo Caiuá,Granular,T02,Evidência química datada,2008-09-22,17.933290895774725,2,UNKNOWN_SERIE_TEMPORAL_NAO_ADQUIRIDA
3500026947,Rio Brilhante,Formação Serra Geral,Fraturada,T02,Evidência química datada,2009-01-12,17.62664531099201,2,UNKNOWN_SERIE_TEMPORAL_NAO_ADQUIRIDA
3500026966,Nova Andradina,Grupo Caiuá,Granular,T02,Evidência química datada,2009-03-17,17.451419262544746,2,UNKNOWN_SERIE_TEMPORAL_NAO_ADQUIRIDA
3500026998,Ladário,Embasamento Indiferenciado,Fraturada,T02,Evidência química datada,2006-10-03,19.90458394080645,2,UNKNOWN_SERIE_TEMPORAL_NAO_ADQUIRIDA
3500027018,Nova Alvorada do Sul,Formação Serra Geral,Fraturada,T02,Evidência química datada,2009-11-05,16.813486929916426,2,UNKNOWN_SERIE_TEMPORAL_NAO_ADQUIRIDA
3500027024,Campo Grande,Formação Serra Geral,Fraturada,T02,Evidência química datada,2009-10-13,16.876458791077162,2,UNKNOWN_SERIE_TEMPORAL_NAO_ADQUIRIDA
3500027106,Caarapó,Formação Serra Geral,Fraturada,T02,Evidência química datada,2009-12-16,16.701232742629895,2,UNKNOWN_SERIE_TEMPORAL_NAO_ADQUIRIDA
3500027292,Glória de Dourados,Grupo Caiuá,Granular,T02,Evidência química datada,2010-02-08,16.553385764252518,2,UNKNOWN_SERIE_TEMPORAL_NAO_ADQUIRIDA
3500027315,Novo Horizonte do Sul,Grupo Caiuá,Granular,T02,Evidência química datada,2010-03-19,16.446607390979967,2,UNKNOWN_SERIE_TEMPORAL_NAO_ADQUIRIDA
3500045166,Campo Grande,Formação Serra Geral,Fraturada,T02,Evidência química datada,2009-07-01,17.161201119803966,2,UNKNOWN_SERIE_TEMPORAL_NAO_ADQUIRIDA
3500045218,Ladário,Embasamento Indiferenciado,Fraturada,T02,Evidência química datada,2006-10-03,19.90458394080645,2,UNKNOWN_SERIE_TEMPORAL_NAO_ADQUIRIDA
3500053088,Miranda,Grupo Cuiaba,Fraturada,T02,Evidência química datada,2009-09-22,16.93395483822392,2,UNKNOWN_SERIE_TEMPORAL_NAO_ADQUIRIDA
3500023189,Aquidauana,Formação Aquidauana,Granular,T02,Evidência química datada,1998-05-14,28.293531010219237,2,UNKNOWN_SERIE_TEMPORAL_NAO_ADQUIRIDA
3500023383,Taquarussu,Grupo Caiuá,Granular,T02,Evidência química datada,1991-09-11,34.96581038625023,2,UNKNOWN_SERIE_TEMPORAL_NAO_ADQUIRIDA
3500027259,Caarapó,Formação Serra Geral,Fraturada,T02,Evidência química datada,2010-01-01,16.65742623051808,2,UNKNOWN_SERIE_TEMPORAL_NAO_ADQUIRIDA
3500045368,Campo Grande,Formação Serra Geral,Fraturada,T02,Evidência química datada,2010-02-24,16.5095792521407,1,UNKNOWN_SERIE_TEMPORAL_NAO_ADQUIRIDA
3500065165,Campo Grande,Formação Serra Geral,Fraturada,T02,Evidência química datada,2003-03-15,23.458387235877534,1,UNKNOWN_SERIE_TEMPORAL_NAO_ADQUIRIDA
3500027124,Ribas do Rio Pardo,Grupo Caiuá,Granular,T02,Evidência química datada,2011-11-16,14.78469783773794,2,UNKNOWN_SERIE_TEMPORAL_NAO_ADQUIRIDA
3500022561,Cassilândia,Grupo Bauru,Granular,T02,Evidência química datada,2003-03-21,23.4419597938356,1,UNKNOWN_SERIE_TEMPORAL_NAO_ADQUIRIDA
3500045329,Campo Grande,Formação Serra Geral,Fraturada,T02,Evidência química datada,2009-09-24,16.928479024209942,2,UNKNOWN_SERIE_TEMPORAL_NAO_ADQUIRIDA
3500026953,Dois Irmãos do Buriti,Formação Serra Geral,Fraturada,T02,Evidência química datada,2008-10-20,17.856629499579046,1,UNKNOWN_SERIE_TEMPORAL_NAO_ADQUIRIDA
3500026921,São Gabriel do Oeste,Grupo Bauru,Granular,T02,Evidência química datada,2008-06-17,18.19886787545261,1,UNKNOWN_SERIE_TEMPORAL_NAO_ADQUIRIDA
3500023159,Aral Moreira,Formação Serra Geral,Fraturada,T02,Evidência química datada,1981-05-08,45.30962305865281,2,UNKNOWN_SERIE_TEMPORAL_NAO_ADQUIRIDA
3500026943,Três Lagoas,Grupo Caiuá,Granular,T02,Evidência química datada,2008-10-09,17.88674647665592,1,UNKNOWN_SERIE_TEMPORAL_NAO_ADQUIRIDA
3500026975,Rio Brilhante,Formação Serra Geral,Fraturada,T02,Evidência química datada,2007-07-17,19.11880462980075,1,UNKNOWN_SERIE_TEMPORAL_NAO_ADQUIRIDA
3500027002,Itaporã,Formação Serra Geral,Fraturada,T02,Evidência química datada,2008-10-19,17.859367406586035,1,UNKNOWN_SERIE_TEMPORAL_NAO_ADQUIRIDA
3500027280,Chapadão do Sul,Formação Cachoeirinha,Granular,T02,Evidência química datada,2011-04-12,15.381561565261435,2,UNKNOWN_SERIE_TEMPORAL_NAO_ADQUIRIDA
3500023351,Paranhos,Grupo Caiuá,Granular,T02,Evidência química datada,1981-10-13,44.87703375154863,2,UNKNOWN_SERIE_TEMPORAL_NAO_ADQUIRIDA
3500023369,Caarapó,Grupo Caiuá,Granular,T02,Evidência química datada,1980-10-21,45.85446655304352,2,UNKNOWN_SERIE_TEMPORAL_NAO_ADQUIRIDA
3500023370,Caarapó,Grupo Caiuá,Granular,T02,Evidência química datada,1984-07-23,42.10079604646228,2,UNKNOWN_SERIE_TEMPORAL_NAO_ADQUIRIDA
3500027267,Nova Andradina,Grupo Caiuá,Granular,T02,Evidência química datada,2010-01-26,16.588978555343367,2,UNKNOWN_SERIE_TEMPORAL_NAO_ADQUIRIDA
3500045623,Três Lagoas,Grupo Caiuá,Granular,T02,Evidência química datada,2010-11-16,15.784033895288745,2,UNKNOWN_SERIE_TEMPORAL_NAO_ADQUIRIDA
3500027082,Deodápolis,Grupo Caiuá,Granular,T02,Evidência química datada,2009-11-23,16.76420460379063,2,UNKNOWN_SERIE_TEMPORAL_NAO_ADQUIRIDA
3500045272,Camapuã,Grupo Caiuá,Granular,T02,Evidência química datada,2009-11-03,16.818962743930403,2,UNKNOWN_SERIE_TEMPORAL_NAO_ADQUIRIDA
3500045526,São Gabriel do Oeste,Grupo Bauru,Granular,T02,Evidência química datada,2010-03-05,16.484938089077804,1,UNKNOWN_SERIE_TEMPORAL_NAO_ADQUIRIDA
3500045577,Nioaque,Formação Botucatu,Granular,T02,Evidência química datada,2009-09-28,16.91752739618199,1,UNKNOWN_SERIE_TEMPORAL_NAO_ADQUIRIDA
3500065112,Paraíso das Águas,Grupo Caiuá,Granular,T02,Evidência química datada,2003-03-17,23.452911421863558,1,UNKNOWN_SERIE_TEMPORAL_NAO_ADQUIRIDA
3500026959,Batayporã,Grupo Caiuá,Granular,T02,Evidência química datada,2008-08-20,18.023641827005346,1,UNKNOWN_SERIE_TEMPORAL_NAO_ADQUIRIDA
3500027249,Caarapó,Formação Serra Geral,Fraturada,T02,Evidência química datada,2011-08-15,15.039323189387872,2,UNKNOWN_SERIE_TEMPORAL_NAO_ADQUIRIDA
3500045465,Chapadão do Sul,Formação Cachoeirinha,Granular,T02,Evidência química datada,2010-01-25,16.591716462350355,2,UNKNOWN_SERIE_TEMPORAL_NAO_ADQUIRIDA
3500026967,Caarapó,Grupo Caiuá,Granular,T02,Evidência química datada,2009-03-31,17.41308856444691,1,UNKNOWN_SERIE_TEMPORAL_NAO_ADQUIRIDA
3500045695,Campo Grande,Formação Serra Geral,Fraturada,T02,Evidência química datada,2010-06-21,16.189244132323044,1,UNKNOWN_SERIE_TEMPORAL_NAO_ADQUIRIDA
3500023227,São Gabriel do Oeste,Grupo Bauru,Granular,T02,Evidência química datada,1984-11-05,41.81331581072849,2,UNKNOWN_SERIE_TEMPORAL_NAO_ADQUIRIDA
3500027241,Angélica,Grupo Caiuá,Granular,T02,Evidência química datada,2010-01-25,16.591716462350355,2,UNKNOWN_SERIE_TEMPORAL_NAO_ADQUIRIDA
3500045118,São Gabriel do Oeste,Grupo Bauru,Granular,T02,Evidência química datada,2009-01-06,17.643072753033945,1,UNKNOWN_SERIE_TEMPORAL_NAO_ADQUIRIDA
3500026981,Ivinhema,Grupo Caiuá,Granular,T02,Evidência química datada,2009-10-06,16.89562414012608,2,UNKNOWN_SERIE_TEMPORAL_NAO_ADQUIRIDA
3500027066,Itaporã,Formação Serra Geral,Fraturada,T02,Evidência química datada,2009-09-14,16.955858094279826,2,UNKNOWN_SERIE_TEMPORAL_NAO_ADQUIRIDA
3500028108,Rochedo,Formação Botucatu,Granular,T02,Evidência química datada,2023-11-29,2.7488586350164614,3,UNKNOWN_SERIE_TEMPORAL_NAO_ADQUIRIDA
3500029179,Brasilândia,Grupo Caiuá,Granular,T02,Evidência química datada,2023-11-28,2.7515965420234503,3,UNKNOWN_SERIE_TEMPORAL_NAO_ADQUIRIDA
3500027223,Ribas do Rio Pardo,Grupo Caiuá,Granular,T02,Evidência química datada,2010-01-25,16.591716462350355,2,UNKNOWN_SERIE_TEMPORAL_NAO_ADQUIRIDA
3500027125,Itaporã,Formação Serra Geral,Fraturada,T02,Evidência química datada,2012-03-20,14.442459461864377,2,UNKNOWN_SERIE_TEMPORAL_NAO_ADQUIRIDA
3500028110,São Gabriel do Oeste,Formação Serra Geral,Fraturada,T02,Evidência química datada,2023-12-01,2.7433828210024847,3,UNKNOWN_SERIE_TEMPORAL_NAO_ADQUIRIDA
3500045184,Sidrolândia,Formação Serra Geral,Fraturada,T02,Evidência química datada,2009-07-03,17.15572530578999,1,UNKNOWN_SERIE_TEMPORAL_NAO_ADQUIRIDA
3500026920,São Gabriel do Oeste,Grupo Bauru,Granular,T02,Evidência química datada,2008-06-17,18.19886787545261,1,UNKNOWN_SERIE_TEMPORAL_NAO_ADQUIRIDA
3500027198,Três Lagoas,Grupo Caiuá,Granular,T02,Evidência química datada,2010-10-25,15.844267849442494,2,UNKNOWN_SERIE_TEMPORAL_NAO_ADQUIRIDA
3500023274,Bataguassu,Grupo Caiuá,Granular,T02,Evidência química datada,1984-07-06,42.14734046558109,2,UNKNOWN_SERIE_TEMPORAL_NAO_ADQUIRIDA
3500045659,Três Lagoas,Formação Serra Geral,Fraturada,T02,Evidência química datada,2009-06-29,17.166676933817943,1,UNKNOWN_SERIE_TEMPORAL_NAO_ADQUIRIDA
3500026954,Nova Andradina,Grupo Caiuá,Granular,T02,Evidência química datada,2007-11-08,18.806683231004058,1,UNKNOWN_SERIE_TEMPORAL_NAO_ADQUIRIDA
3500026840,Iguatemi,Grupo Caiuá,Granular,T02,Evidência química datada,2022-11-25,3.759146320595221,3,UNKNOWN_SERIE_TEMPORAL_NAO_ADQUIRIDA
3500029178,Santa Rita do Pardo,Grupo Caiuá,Granular,T02,Evidência química datada,2023-11-28,2.7515965420234503,3,UNKNOWN_SERIE_TEMPORAL_NAO_ADQUIRIDA
3500023228,São Gabriel do Oeste,Grupo Bauru,Granular,T02,Evidência química datada,1986-10-28,39.836546951682784,2,UNKNOWN_SERIE_TEMPORAL_NAO_ADQUIRIDA
3500026923,São Gabriel do Oeste,Grupo Bauru,Granular,T02,Evidência química datada,2008-06-17,18.19886787545261,1,UNKNOWN_SERIE_TEMPORAL_NAO_ADQUIRIDA
3500045620,Rio Brilhante,Formação Serra Geral,Fraturada,T02,Evidência química datada,2010-01-25,16.591716462350355,2,UNKNOWN_SERIE_TEMPORAL_NAO_ADQUIRIDA
3500026952,Maracaju,Formação Serra Geral,Fraturada,T02,Evidência química datada,2009-02-27,17.50070158867054,1,UNKNOWN_SERIE_TEMPORAL_NAO_ADQUIRIDA
3500027174,Três Lagoas,Grupo Caiuá,Granular,T02,Evidência química datada,2009-11-16,16.78336995283955,2,UNKNOWN_SERIE_TEMPORAL_NAO_ADQUIRIDA
3500023269,Nova Alvorada do Sul,Formação Serra Geral,Fraturada,T02,Evidência química datada,1982-03-08,44.477299328528304,2,UNKNOWN_SERIE_TEMPORAL_NAO_ADQUIRIDA
3500023282,Santa Rita do Pardo,Grupo Caiuá,Granular,T02,Evidência química datada,1982-02-02,44.570388166765916,2,UNKNOWN_SERIE_TEMPORAL_NAO_ADQUIRIDA
3500023291,Três Lagoas,Grupo Caiuá,Granular,T02,Evidência química datada,1997-03-16,29.454403581182365,2,UNKNOWN_SERIE_TEMPORAL_NAO_ADQUIRIDA
3500027319,Nova Andradina,Grupo Caiuá,Granular,T02,Evidência química datada,2009-08-10,17.051684839524427,2,UNKNOWN_SERIE_TEMPORAL_NAO_ADQUIRIDA
3500030620,Bonito,Embasamento Indiferenciado,Fraturada,T02,Evidência química datada,2011-06-04,15.236452493891045,2,UNKNOWN_SERIE_TEMPORAL_NAO_ADQUIRIDA
3500027070,Maracaju,Formação Serra Geral,Fraturada,T02,Evidência química datada,2009-06-01,17.24333833001362,2,UNKNOWN_SERIE_TEMPORAL_NAO_ADQUIRIDA
3500045657,Três Lagoas,Grupo Caiuá,Granular,T02,Evidência química datada,2011-05-12,15.29942435505178,2,UNKNOWN_SERIE_TEMPORAL_NAO_ADQUIRIDA
3500045696,Campo Grande,Grupo Caiuá,Granular,T02,Evidência química datada,2009-11-23,16.76420460379063,2,UNKNOWN_SERIE_TEMPORAL_NAO_ADQUIRIDA
3500022860,Maracaju,Formação Serra Geral,Fraturada,T02,Evidência química datada,2004-09-11,21.963490010061808,2,UNKNOWN_SERIE_TEMPORAL_NAO_ADQUIRIDA
3500022868,Caarapó,Formação Serra Geral,Fraturada,T02,Evidência química datada,2004-08-04,22.06753047632737,2,UNKNOWN_SERIE_TEMPORAL_NAO_ADQUIRIDA
3500023170,Angélica,Grupo Caiuá,Granular,T02,Evidência química datada,1996-03-15,30.456477545740157,2,UNKNOWN_SERIE_TEMPORAL_NAO_ADQUIRIDA
3500045638,Campo Grande,Formação Serra Geral,Fraturada,T02,Evidência química datada,2006-12-27,19.671861845212426,2,UNKNOWN_SERIE_TEMPORAL_NAO_ADQUIRIDA
3500023350,Paranhos,Grupo Caiuá,Granular,T02,Evidência química datada,1991-08-15,35.03973387543892,2,UNKNOWN_SERIE_TEMPORAL_NAO_ADQUIRIDA
3500045637,Rio Brilhante,Formação Serra Geral,Fraturada,T02,Evidência química datada,2008-09-02,17.988049035914496,2,UNKNOWN_SERIE_TEMPORAL_NAO_ADQUIRIDA
3500065102,Campo Grande,Formação Serra Geral,Fraturada,T02,Evidência química datada,2019-09-05,6.9816628678206945,2,UNKNOWN_SERIE_TEMPORAL_NAO_ADQUIRIDA
3500023048,Naviraí,Grupo Caiuá,Granular,T02,Evidência química datada,2005-10-20,20.85737557923845,2,UNKNOWN_SERIE_TEMPORAL_NAO_ADQUIRIDA
3500027098,Campo Grande,Formação Serra Geral,Fraturada,T02,Evidência química datada,2009-08-28,17.002402513398632,2,UNKNOWN_SERIE_TEMPORAL_NAO_ADQUIRIDA
3500027030,Douradina,Formação Serra Geral,Fraturada,T02,Evidência química datada,2010-02-22,16.515055066154677,2,UNKNOWN_SERIE_TEMPORAL_NAO_ADQUIRIDA
3500023339,Costa Rica,Formação Serra Geral,Fraturada,T02,Evidência química datada,1989-08-11,37.049357618568486,2,UNKNOWN_SERIE_TEMPORAL_NAO_ADQUIRIDA
3500045658,Bataguassu,Grupo Caiuá,Granular,T02,Evidência química datada,2010-12-10,15.718324127121022,2,UNKNOWN_SERIE_TEMPORAL_NAO_ADQUIRIDA
3500045667,Maracaju,Formação Serra Geral,Fraturada,T02,Evidência química datada,2011-08-17,15.033847375373895,2,UNKNOWN_SERIE_TEMPORAL_NAO_ADQUIRIDA
3500045690,Maracaju,Formação Serra Geral,Fraturada,T02,Evidência química datada,2010-06-28,16.170078783274125,2,UNKNOWN_SERIE_TEMPORAL_NAO_ADQUIRIDA
3500045713,Três Lagoas,Grupo Caiuá,Granular,T02,Evidência química datada,2012-10-18,13.862023176382815,2,UNKNOWN_SERIE_TEMPORAL_NAO_ADQUIRIDA
3500065043,Campo Grande,Formação Serra Geral,Fraturada,T02,Evidência química datada,2015-10-29,10.833898026653525,2,UNKNOWN_SERIE_TEMPORAL_NAO_ADQUIRIDA
3500065029,Campo Grande,Formação Serra Geral,Fraturada,T02,Evidência química datada,2016-08-24,10.012525924556972,2,UNKNOWN_SERIE_TEMPORAL_NAO_ADQUIRIDA
3500065036,Campo Grande,Formação Serra Geral,Fraturada,T02,Evidência química datada,2016-03-09,10.472494301731041,2,UNKNOWN_SERIE_TEMPORAL_NAO_ADQUIRIDA
3500065053,Dourados,Formação Serra Geral,Fraturada,T02,Evidência química datada,2016-01-19,10.609389652080466,2,UNKNOWN_SERIE_TEMPORAL_NAO_ADQUIRIDA
3500065066,Ponta Porã,Grupo Caiuá,Granular,T02,Evidência química datada,2016-05-06,10.313695695325707,2,UNKNOWN_SERIE_TEMPORAL_NAO_ADQUIRIDA
3500065067,Ponta Porã,Grupo Caiuá,Granular,T02,Evidência química datada,2016-05-06,10.313695695325707,2,UNKNOWN_SERIE_TEMPORAL_NAO_ADQUIRIDA
3500065075,Taquarussu,Grupo Caiuá,Granular,T02,Evidência química datada,2016-01-26,10.590224303031547,2,UNKNOWN_SERIE_TEMPORAL_NAO_ADQUIRIDA
3500065078,Três Lagoas,Grupo Caiuá,Granular,T02,Evidência química datada,2016-03-04,10.486183836765983,2,UNKNOWN_SERIE_TEMPORAL_NAO_ADQUIRIDA
3500065081,Três Lagoas,Grupo Caiuá,Granular,T02,Evidência química datada,2016-03-14,10.4588047666961,2,UNKNOWN_SERIE_TEMPORAL_NAO_ADQUIRIDA
3500065085,Campo Grande,Formação Serra Geral,Fraturada,T02,Evidência química datada,2011-07-01,15.162529004702355,2,UNKNOWN_SERIE_TEMPORAL_NAO_ADQUIRIDA
3500065086,Campo Grande,Formação Serra Geral,Fraturada,T02,Evidência química datada,2011-07-01,15.162529004702355,2,UNKNOWN_SERIE_TEMPORAL_NAO_ADQUIRIDA
3500065058,Figueirão,Formação Botucatu,Granular,T02,Evidência química datada,2015-11-23,10.765450351478812,2,UNKNOWN_SERIE_TEMPORAL_NAO_ADQUIRIDA
3500065064,Maracaju,Formação Serra Geral,Fraturada,T02,Evidência química datada,2016-05-30,10.247985927157984,2,UNKNOWN_SERIE_TEMPORAL_NAO_ADQUIRIDA
3500065114,Dois Irmãos do Buriti,Formação Botucatu,Granular,T02,Evidência química datada,2019-09-06,6.978924960813706,2,UNKNOWN_SERIE_TEMPORAL_NAO_ADQUIRIDA
3500065025,Camapuã,Formação Botucatu,Granular,T02,Evidência química datada,2016-08-01,10.075497785717708,2,UNKNOWN_SERIE_TEMPORAL_NAO_ADQUIRIDA
3500065017,Bodoquena,Grupo Cuiaba,Fraturada,T02,Evidência química datada,2016-04-05,10.398570812542351,2,UNKNOWN_SERIE_TEMPORAL_NAO_ADQUIRIDA
3500065026,Campo Grande,Formação Serra Geral,Fraturada,T02,Evidência química datada,2016-05-03,10.321909416346674,2,UNKNOWN_SERIE_TEMPORAL_NAO_ADQUIRIDA
3500034023,Nova Andradina,Grupo Caiuá,Granular,T02,Evidência química datada,2023-11-27,2.7543344490304387,3,UNKNOWN_SERIE_TEMPORAL_NAO_ADQUIRIDA
3500023164,Antônio João,Formação Serra Geral,Fraturada,T02,Evidência química datada,1979-10-05,46.90034702971313,2,UNKNOWN_SERIE_TEMPORAL_NAO_ADQUIRIDA
3500026948,Nova Alvorada do Sul,Formação Serra Geral,Fraturada,T02,Evidência química datada,2009-02-13,17.53903228676838,2,UNKNOWN_SERIE_TEMPORAL_NAO_ADQUIRIDA
3500026976,Rio Brilhante,Formação Serra Geral,Fraturada,T02,Evidência química datada,2008-10-16,17.867581127607,2,UNKNOWN_SERIE_TEMPORAL_NAO_ADQUIRIDA
3500026992,Laguna Carapã,Formação Serra Geral,Fraturada,T02,Evidência química datada,2009-07-15,17.122870421706125,2,UNKNOWN_SERIE_TEMPORAL_NAO_ADQUIRIDA
3500027000,Aparecida do Taboado,Grupo Caiuá,Granular,T02,Evidência química datada,2008-05-05,18.316597876753114,2,UNKNOWN_SERIE_TEMPORAL_NAO_ADQUIRIDA
3500027047,Dourados,Formação Serra Geral,Fraturada,T02,Evidência química datada,2011-03-15,15.458222961457114,2,UNKNOWN_SERIE_TEMPORAL_NAO_ADQUIRIDA
3500027109,Ivinhema,Grupo Caiuá,Granular,T02,Evidência química datada,2009-09-27,16.920265303188977,2,UNKNOWN_SERIE_TEMPORAL_NAO_ADQUIRIDA
3500027111,Naviraí,Grupo Caiuá,Granular,T02,Evidência química datada,2009-07-01,17.161201119803966,2,UNKNOWN_SERIE_TEMPORAL_NAO_ADQUIRIDA
3500027128,Terenos,Formação Serra Geral,Fraturada,T02,Evidência química datada,2009-12-11,16.71492227766484,2,UNKNOWN_SERIE_TEMPORAL_NAO_ADQUIRIDA
3500027138,Deodápolis,Grupo Caiuá,Granular,T02,Evidência química datada,2009-11-30,16.745039254741712,2,UNKNOWN_SERIE_TEMPORAL_NAO_ADQUIRIDA
3500027196,Vicentina,Formação Serra Geral,Fraturada,T02,Evidência química datada,2009-10-06,16.89562414012608,2,UNKNOWN_SERIE_TEMPORAL_NAO_ADQUIRIDA
3500027289,Glória de Dourados,Grupo Caiuá,Granular,T02,Evidência química datada,2010-02-08,16.553385764252518,2,UNKNOWN_SERIE_TEMPORAL_NAO_ADQUIRIDA
3500027291,Glória de Dourados,Grupo Caiuá,Granular,T02,Evidência química datada,2010-02-08,16.553385764252518,2,UNKNOWN_SERIE_TEMPORAL_NAO_ADQUIRIDA
3500027317,Sidrolândia,Formação Serra Geral,Fraturada,T02,Evidência química datada,2007-12-14,18.708118578752472,2,UNKNOWN_SERIE_TEMPORAL_NAO_ADQUIRIDA
3500053097,Bataguassu,Grupo Caiuá,Granular,T02,Evidência química datada,2007-09-13,18.960006023395415,2,UNKNOWN_SERIE_TEMPORAL_NAO_ADQUIRIDA
3500023182,Anaurilândia,Grupo Caiuá,Granular,T02,Evidência química datada,1980-07-17,46.11730562571442,2,UNKNOWN_SERIE_TEMPORAL_NAO_ADQUIRIDA
3500023321,Paranaíba,Grupo Bauru,Granular,T02,Evidência química datada,1982-03-23,44.43623072342348,2,UNKNOWN_SERIE_TEMPORAL_NAO_ADQUIRIDA
3500045672,Três Lagoas,Grupo Caiuá,Granular,T02,Evidência química datada,2011-12-16,14.702560627528285,2,UNKNOWN_SERIE_TEMPORAL_NAO_ADQUIRIDA
3500030640,Bandeirantes,Formação Serra Geral,Fraturada,T02,Evidência química datada,2009-12-15,16.703970649636886,2,UNKNOWN_SERIE_TEMPORAL_NAO_ADQUIRIDA
3500045625,Três Lagoas,Grupo Caiuá,Granular,T02,Evidência química datada,2011-01-24,15.595118311806539,2,UNKNOWN_SERIE_TEMPORAL_NAO_ADQUIRIDA
3500027318,Nova Andradina,Grupo Caiuá,Granular,T02,Evidência química datada,2009-09-01,16.99145088537068,2,UNKNOWN_SERIE_TEMPORAL_NAO_ADQUIRIDA
3500045652,Rio Brilhante,Formação Serra Geral,Fraturada,T02,Evidência química datada,2010-03-26,16.427442041931045,2,UNKNOWN_SERIE_TEMPORAL_NAO_ADQUIRIDA
3500045677,Campo Grande,Formação Serra Geral,Fraturada,T02,Evidência química datada,2007-08-21,19.022977884556152,2,UNKNOWN_SERIE_TEMPORAL_NAO_ADQUIRIDA
3500053091,Glória de Dourados,Formação Serra Geral,Fraturada,T02,Evidência química datada,2008-05-06,18.313859969746126,2,UNKNOWN_SERIE_TEMPORAL_NAO_ADQUIRIDA
3500023317,Aparecida do Taboado,Grupo Caiuá,Granular,T02,Evidência química datada,1980-10-20,45.85720446005051,2,UNKNOWN_SERIE_TEMPORAL_NAO_ADQUIRIDA
3500045621,Ribas do Rio Pardo,Grupo Caiuá,Granular,T02,Evidência química datada,2010-01-25,16.591716462350355,2,UNKNOWN_SERIE_TEMPORAL_NAO_ADQUIRIDA
3500023142,Amambai,Formação Serra Geral,Fraturada,T02,Evidência química datada,2019-09-10,6.967973332785752,2,UNKNOWN_SERIE_TEMPORAL_NAO_ADQUIRIDA
3500027068,Maracaju,Formação Serra Geral,Fraturada,T02,Evidência química datada,2007-07-03,19.157135327898587,2,UNKNOWN_SERIE_TEMPORAL_NAO_ADQUIRIDA
3500027076,Maracaju,Formação Serra Geral,Fraturada,T02,Evidência química datada,2007-07-03,19.157135327898587,2,UNKNOWN_SERIE_TEMPORAL_NAO_ADQUIRIDA
3500027225,Sidrolândia,Formação Serra Geral,Fraturada,T02,Evidência química datada,2009-10-06,16.89562414012608,2,UNKNOWN_SERIE_TEMPORAL_NAO_ADQUIRIDA
3500045157,Campo Grande,Formação Serra Geral,Fraturada,T02,Evidência química datada,2009-09-14,16.955858094279826,2,UNKNOWN_SERIE_TEMPORAL_NAO_ADQUIRIDA
3500045618,Chapadão do Sul,Grupo Caiuá,Granular,T02,Evidência química datada,2011-03-04,15.488339938533988,2,UNKNOWN_SERIE_TEMPORAL_NAO_ADQUIRIDA
3500045643,Mundo Novo,Grupo Caiuá,Granular,T02,Evidência química datada,2009-03-18,17.448681355537758,2,UNKNOWN_SERIE_TEMPORAL_NAO_ADQUIRIDA
3500045615,Ribas do Rio Pardo,Grupo Caiuá,Granular,T02,Evidência química datada,2009-07-30,17.0818018166013,3,UNKNOWN_SERIE_TEMPORAL_NAO_ADQUIRIDA
3500027007,Chapadão do Sul,Formação Cachoeirinha,Granular,T02,Evidência química datada,2009-06-06,17.22964879497868,2,UNKNOWN_SERIE_TEMPORAL_NAO_ADQUIRIDA
3500045648,Ivinhema,Grupo Caiuá,Granular,T02,Evidência química datada,2013-08-14,13.040651074286261,2,UNKNOWN_SERIE_TEMPORAL_NAO_ADQUIRIDA
3500045666,Bataguassu,Grupo Caiuá,Granular,T02,Evidência química datada,2010-05-24,16.265905528518722,2,UNKNOWN_SERIE_TEMPORAL_NAO_ADQUIRIDA
3500027316,Nova Andradina,Grupo Caiuá,Granular,T02,Evidência química datada,2009-09-01,16.99145088537068,2,UNKNOWN_SERIE_TEMPORAL_NAO_ADQUIRIDA
3500053085,Miranda,Grupo Cuiaba,Fraturada,T02,Evidência química datada,2010-01-01,16.65742623051808,2,UNKNOWN_SERIE_TEMPORAL_NAO_ADQUIRIDA
3500027157,Ivinhema,Grupo Caiuá,Granular,T02,Evidência química datada,2009-08-27,17.00514042040562,2,UNKNOWN_SERIE_TEMPORAL_NAO_ADQUIRIDA
3500023287,Brasilândia,Grupo Caiuá,Granular,T02,Evidência química datada,1978-09-29,47.91611052930587,2,UNKNOWN_SERIE_TEMPORAL_NAO_ADQUIRIDA
3500026928,Campo Grande,Formação Serra Geral,Fraturada,T02,Evidência química datada,2008-12-09,17.71973414922962,2,UNKNOWN_SERIE_TEMPORAL_NAO_ADQUIRIDA
3500045603,Itaporã,Formação Serra Geral,Fraturada,T02,Evidência química datada,2012-07-05,14.149503412116607,3,UNKNOWN_SERIE_TEMPORAL_NAO_ADQUIRIDA
3500045608,Campo Grande,Formação Serra Geral,Fraturada,T02,Evidência química datada,2010-05-11,16.301498319609575,2,UNKNOWN_SERIE_TEMPORAL_NAO_ADQUIRIDA
3500045675,Rio Brilhante,Grupo Caiuá,Granular,T02,Evidência química datada,2010-03-26,16.427442041931045,2,UNKNOWN_SERIE_TEMPORAL_NAO_ADQUIRIDA
3500045693,Campo Grande,Formação Serra Geral,Fraturada,T02,Evidência química datada,2009-09-28,16.91752739618199,2,UNKNOWN_SERIE_TEMPORAL_NAO_ADQUIRIDA
3500045705,Três Lagoas,Grupo Caiuá,Granular,T02,Evidência química datada,2012-09-04,13.982491084690308,2,UNKNOWN_SERIE_TEMPORAL_NAO_ADQUIRIDA
3500045707,Três Lagoas,Grupo Caiuá,Granular,T02,Evidência química datada,2012-07-10,14.135813877081665,2,UNKNOWN_SERIE_TEMPORAL_NAO_ADQUIRIDA
3500065038,Campo Grande,Formação Serra Geral,Fraturada,T02,Evidência química datada,2016-07-18,10.113828483815547,2,UNKNOWN_SERIE_TEMPORAL_NAO_ADQUIRIDA
3500065055,Fátima do Sul,Formação Serra Geral,Fraturada,T02,Evidência química datada,2016-06-13,10.209655229060145,2,UNKNOWN_SERIE_TEMPORAL_NAO_ADQUIRIDA
3500065062,Japorã,Grupo Caiuá,Granular,T02,Evidência química datada,2016-05-02,10.324647323353663,2,UNKNOWN_SERIE_TEMPORAL_NAO_ADQUIRIDA
3500065071,Rio Verde de Mato Grosso,Formação Furnas,Granular,T02,Evidência química datada,2015-08-17,11.033765238163685,2,UNKNOWN_SERIE_TEMPORAL_NAO_ADQUIRIDA
3500065057,Figueirão,Formação Botucatu,Granular,T02,Evidência química datada,2015-11-23,10.765450351478812,2,UNKNOWN_SERIE_TEMPORAL_NAO_ADQUIRIDA
3500022590,Alcinópolis,Grupo Caiuá,Granular,T02,Evidência química datada,2004-08-02,22.073006290341347,2,UNKNOWN_SERIE_TEMPORAL_NAO_ADQUIRIDA
3500023068,Itaporã,Formação Serra Geral,Fraturada,T02,Evidência química datada,2003-10-23,22.850571880326083,2,UNKNOWN_SERIE_TEMPORAL_NAO_ADQUIRIDA
3500023124,Jardim,Grupo Cuiaba,Cárstica,T02,Evidência química datada,2004-08-06,22.062054662313393,2,UNKNOWN_SERIE_TEMPORAL_NAO_ADQUIRIDA
3500065089,Camapuã,Formação Botucatu,Granular,T02,Evidência química datada,2019-09-05,6.9816628678206945,2,UNKNOWN_SERIE_TEMPORAL_NAO_ADQUIRIDA
3500065124,São Gabriel do Oeste,Grupo Bauru,Granular,T02,Evidência química datada,2019-09-09,6.97071123979274,2,UNKNOWN_SERIE_TEMPORAL_NAO_ADQUIRIDA
3500065023,Camapuã,Formação Botucatu,Granular,T02,Evidência química datada,2016-01-19,10.609389652080466,2,UNKNOWN_SERIE_TEMPORAL_NAO_ADQUIRIDA
3500065001,Água Clara,Grupo Caiuá,Granular,T02,Evidência química datada,2016-12-23,9.681239176711363,2,UNKNOWN_SERIE_TEMPORAL_NAO_ADQUIRIDA
3500065006,Antônio João,Formação Serra Geral,Fraturada,T02,Evidência química datada,2016-02-22,10.516300813842857,2,UNKNOWN_SERIE_TEMPORAL_NAO_ADQUIRIDA
3500065014,Bataguassu,Grupo Caiuá,Granular,T02,Evidência química datada,2016-02-22,10.516300813842857,2,UNKNOWN_SERIE_TEMPORAL_NAO_ADQUIRIDA
3500065021,Caarapó,Grupo Caiuá,Granular,T02,Evidência química datada,2016-06-30,10.16311080994134,2,UNKNOWN_SERIE_TEMPORAL_NAO_ADQUIRIDA
3500065027,Campo Grande,Formação Serra Geral,Fraturada,T02,Evidência química datada,2016-04-14,10.373929649479456,2,UNKNOWN_SERIE_TEMPORAL_NAO_ADQUIRIDA
3500026956,Caarapó,Grupo Caiuá,Granular,T02,Evidência química datada,2009-03-20,17.44320554152378,2,UNKNOWN_SERIE_TEMPORAL_NAO_ADQUIRIDA
3500026987,Nova Andradina,Grupo Caiuá,Granular,T02,Evidência química datada,2009-08-27,17.00514042040562,2,UNKNOWN_SERIE_TEMPORAL_NAO_ADQUIRIDA
3500027010,Ponta Porã,Formação Serra Geral,Fraturada,T02,Evidência química datada,2009-07-15,17.122870421706125,2,UNKNOWN_SERIE_TEMPORAL_NAO_ADQUIRIDA
3500027022,Itaporã,Formação Serra Geral,Fraturada,T02,Evidência química datada,2009-10-26,16.84086599998631,2,UNKNOWN_SERIE_TEMPORAL_NAO_ADQUIRIDA
3500027038,Selvíria,Grupo Caiuá,Granular,T02,Evidência química datada,2009-08-28,17.002402513398632,2,UNKNOWN_SERIE_TEMPORAL_NAO_ADQUIRIDA
3500027107,Maracaju,Formação Serra Geral,Fraturada,T02,Evidência química datada,2010-01-13,16.62457134643422,2,UNKNOWN_SERIE_TEMPORAL_NAO_ADQUIRIDA
3500027140,Dourados,Formação Serra Geral,Fraturada,T02,Evidência química datada,2010-05-10,16.304236226616563,2,UNKNOWN_SERIE_TEMPORAL_NAO_ADQUIRIDA
3500027159,Maracaju,Formação Serra Geral,Fraturada,T02,Evidência química datada,2010-04-26,16.3425669247144,2,UNKNOWN_SERIE_TEMPORAL_NAO_ADQUIRIDA
3500045119,Dourados,Formação Serra Geral,Fraturada,T02,Evidência química datada,2008-05-06,18.313859969746126,2,UNKNOWN_SERIE_TEMPORAL_NAO_ADQUIRIDA
3500045616,Água Clara,Grupo Caiuá,Granular,T02,Evidência química datada,2010-10-25,15.844267849442494,2,UNKNOWN_SERIE_TEMPORAL_NAO_ADQUIRIDA
3500053082,Porto Murtinho,Formação Pantanal,Granular,T02,Evidência química datada,2010-12-09,15.72106203412801,2,UNKNOWN_SERIE_TEMPORAL_NAO_ADQUIRIDA
3500023256,Ribas do Rio Pardo,Formação Serra Geral,Fraturada,T02,Evidência química datada,2019-04-27,7.340328685736189,2,UNKNOWN_SERIE_TEMPORAL_NAO_ADQUIRIDA
3500023393,Naviraí,Grupo Caiuá,Granular,T02,Evidência química datada,1975-02-10,51.54931312757962,2,UNKNOWN_SERIE_TEMPORAL_NAO_ADQUIRIDA
