scale_km2,origin,question_code,support_points_n,state_no_wells_n,state_wells_without_direct_n,state_direct_present_n,state_no_wells_pct,state_wells_without_direct_pct,state_direct_present_pct,control_total_ok,method_version
100,O00,Q01,14284,11259,485,2540,78.822459,3.395407,17.782134,True,PIH_MS_V2.5_ESTABILIDADE_SENSIBILIDADE_V1
100,O00,Q02,14284,11259,535,2490,78.822459,3.745449,17.432092,True,PIH_MS_V2.5_ESTABILIDADE_SENSIBILIDADE_V1
100,O00,Q03,14284,11259,950,2075,78.822459,6.650798,14.526743,True,PIH_MS_V2.5_ESTABILIDADE_SENSIBILIDADE_V1
100,O00,Q04,14284,11259,395,2630,78.822459,2.765332,18.412209,True,PIH_MS_V2.5_ESTABILIDADE_SENSIBILIDADE_V1
100,O00,Q05,14284,11259,1558,1467,78.822459,10.907309,10.270232,True,PIH_MS_V2.5_ESTABILIDADE_SENSIBILIDADE_V1
100,OX25,Q01,14284,11246,517,2521,78.731448,3.619434,17.649118,True,PIH_MS_V2.5_ESTABILIDADE_SENSIBILIDADE_V1
100,OX25,Q02,14284,11246,571,2467,78.731448,3.99748,17.271073,True,PIH_MS_V2.5_ESTABILIDADE_SENSIBILIDADE_V1
100,OX25,Q03,14284,11246,1018,2020,78.731448,7.126855,14.141697,True,PIH_MS_V2.5_ESTABILIDADE_SENSIBILIDADE_V1
100,OX25,Q04,14284,11246,439,2599,78.731448,3.073369,18.195183,True,PIH_MS_V2.5_ESTABILIDADE_SENSIBILIDADE_V1
100,OX25,Q05,14284,11246,1555,1483,78.731448,10.886306,10.382246,True,PIH_MS_V2.5_ESTABILIDADE_SENSIBILIDADE_V1
100,OY25,Q01,14284,11276,484,2524,78.941473,3.388407,17.67012,True,PIH_MS_V2.5_ESTABILIDADE_SENSIBILIDADE_V1
100,OY25,Q02,14284,11276,543,2465,78.941473,3.801456,17.257071,True,PIH_MS_V2.5_ESTABILIDADE_SENSIBILIDADE_V1
100,OY25,Q03,14284,11276,934,2074,78.941473,6.538785,14.519742,True,PIH_MS_V2.5_ESTABILIDADE_SENSIBILIDADE_V1
100,OY25,Q04,14284,11276,390,2618,78.941473,2.730328,18.328199,True,PIH_MS_V2.5_ESTABILIDADE_SENSIBILIDADE_V1
100,OY25,Q05,14284,11276,1549,1459,78.941473,10.844301,10.214226,True,PIH_MS_V2.5_ESTABILIDADE_SENSIBILIDADE_V1
100,OXY25,Q01,14284,11303,472,2509,79.130496,3.304397,17.565108,True,PIH_MS_V2.5_ESTABILIDADE_SENSIBILIDADE_V1
100,OXY25,Q02,14284,11303,521,2460,79.130496,3.647438,17.222067,True,PIH_MS_V2.5_ESTABILIDADE_SENSIBILIDADE_V1
100,OXY25,Q03,14284,11303,968,2013,79.130496,6.776813,14.092691,True,PIH_MS_V2.5_ESTABILIDADE_SENSIBILIDADE_V1
100,OXY25,Q04,14284,11303,390,2591,79.130496,2.730328,18.139177,True,PIH_MS_V2.5_ESTABILIDADE_SENSIBILIDADE_V1
100,OXY25,Q05,14284,11303,1536,1445,79.130496,10.75329,10.116214,True,PIH_MS_V2.5_ESTABILIDADE_SENSIBILIDADE_V1
150,O00,Q01,14284,10446,544,3294,73.130776,3.808457,23.060767,True,PIH_MS_V2.5_ESTABILIDADE_SENSIBILIDADE_V1
150,O00,Q02,14284,10446,609,3229,73.130776,4.263512,22.605713,True,PIH_MS_V2.5_ESTABILIDADE_SENSIBILIDADE_V1
150,O00,Q03,14284,10446,1131,2707,73.130776,7.91795,18.951274,True,PIH_MS_V2.5_ESTABILIDADE_SENSIBILIDADE_V1
150,O00,Q04,14284,10446,407,3431,73.130776,2.849342,24.019882,True,PIH_MS_V2.5_ESTABILIDADE_SENSIBILIDADE_V1
150,O00,Q05,14284,10446,1842,1996,73.130776,12.895547,13.973677,True,PIH_MS_V2.5_ESTABILIDADE_SENSIBILIDADE_V1
150,OX25,Q01,14284,10476,551,3257,73.340801,3.857463,22.801736,True,PIH_MS_V2.5_ESTABILIDADE_SENSIBILIDADE_V1
150,OX25,Q02,14284,10476,599,3209,73.340801,4.193503,22.465696,True,PIH_MS_V2.5_ESTABILIDADE_SENSIBILIDADE_V1
150,OX25,Q03,14284,10476,1091,2717,73.340801,7.637917,19.021283,True,PIH_MS_V2.5_ESTABILIDADE_SENSIBILIDADE_V1
150,OX25,Q04,14284,10476,437,3371,73.340801,3.059367,23.599832,True,PIH_MS_V2.5_ESTABILIDADE_SENSIBILIDADE_V1
150,OX25,Q05,14284,10476,1849,1959,73.340801,12.944553,13.714646,True,PIH_MS_V2.5_ESTABILIDADE_SENSIBILIDADE_V1
150,OY25,Q01,14284,10458,609,3217,73.214786,4.263512,22.521703,True,PIH_MS_V2.5_ESTABILIDADE_SENSIBILIDADE_V1
150,OY25,Q02,14284,10458,670,3156,73.214786,4.690563,22.094651,True,PIH_MS_V2.5_ESTABILIDADE_SENSIBILIDADE_V1
150,OY25,Q03,14284,10458,1149,2677,73.214786,8.043965,18.741249,True,PIH_MS_V2.5_ESTABILIDADE_SENSIBILIDADE_V1
150,OY25,Q04,14284,10458,487,3339,73.214786,3.409409,23.375805,True,PIH_MS_V2.5_ESTABILIDADE_SENSIBILIDADE_V1
150,OY25,Q05,14284,10458,1850,1976,73.214786,12.951554,13.83366,True,PIH_MS_V2.5_ESTABILIDADE_SENSIBILIDADE_V1
150,OXY25,Q01,14284,10480,577,3227,73.368804,4.039485,22.591711,True,PIH_MS_V2.5_ESTABILIDADE_SENSIBILIDADE_V1
150,OXY25,Q02,14284,10480,635,3169,73.368804,4.445533,22.185662,True,PIH_MS_V2.5_ESTABILIDADE_SENSIBILIDADE_V1
150,OXY25,Q03,14284,10480,1146,2658,73.368804,8.022963,18.608233,True,PIH_MS_V2.5_ESTABILIDADE_SENSIBILIDADE_V1
150,OXY25,Q04,14284,10480,478,3326,73.368804,3.346402,23.284794,True,PIH_MS_V2.5_ESTABILIDADE_SENSIBILIDADE_V1
150,OXY25,Q05,14284,10480,1832,1972,73.368804,12.825539,13.805657,True,PIH_MS_V2.5_ESTABILIDADE_SENSIBILIDADE_V1
250,O00,Q01,14284,9229,696,4359,64.610753,4.872585,30.516662,True,PIH_MS_V2.5_ESTABILIDADE_SENSIBILIDADE_V1
250,O00,Q02,14284,9229,782,4273,64.610753,5.474657,29.91459,True,PIH_MS_V2.5_ESTABILIDADE_SENSIBILIDADE_V1
250,O00,Q03,14284,9229,1473,3582,64.610753,10.312237,25.077009,True,PIH_MS_V2.5_ESTABILIDADE_SENSIBILIDADE_V1
250,O00,Q04,14284,9229,534,4521,64.610753,3.738449,31.650798,True,PIH_MS_V2.5_ESTABILIDADE_SENSIBILIDADE_V1
250,O00,Q05,14284,9229,2251,2804,64.610753,15.758891,19.630356,True,PIH_MS_V2.5_ESTABILIDADE_SENSIBILIDADE_V1
250,OX25,Q01,14284,9162,698,4424,64.141697,4.886586,30.971717,True,PIH_MS_V2.5_ESTABILIDADE_SENSIBILIDADE_V1
250,OX25,Q02,14284,9162,764,4358,64.141697,5.348642,30.509661,True,PIH_MS_V2.5_ESTABILIDADE_SENSIBILIDADE_V1
250,OX25,Q03,14284,9162,1357,3765,64.141697,9.50014,26.358163,True,PIH_MS_V2.5_ESTABILIDADE_SENSIBILIDADE_V1
250,OX25,Q04,14284,9162,499,4623,64.141697,3.493419,32.364884,True,PIH_MS_V2.5_ESTABILIDADE_SENSIBILIDADE_V1
250,OX25,Q05,14284,9162,2283,2839,64.141697,15.982918,19.875385,True,PIH_MS_V2.5_ESTABILIDADE_SENSIBILIDADE_V1
250,OY25,Q01,14284,9239,642,4403,64.680762,4.494539,30.824699,True,PIH_MS_V2.5_ESTABILIDADE_SENSIBILIDADE_V1
250,OY25,Q02,14284,9239,710,4335,64.680762,4.970596,30.348642,True,PIH_MS_V2.5_ESTABILIDADE_SENSIBILIDADE_V1
250,OY25,Q03,14284,9239,1428,3617,64.680762,9.9972,25.322039,True,PIH_MS_V2.5_ESTABILIDADE_SENSIBILIDADE_V1
250,OY25,Q04,14284,9239,492,4553,64.680762,3.444413,31.874825,True,PIH_MS_V2.5_ESTABILIDADE_SENSIBILIDADE_V1
250,OY25,Q05,14284,9239,2238,2807,64.680762,15.66788,19.651358,True,PIH_MS_V2.5_ESTABILIDADE_SENSIBILIDADE_V1
250,OXY25,Q01,14284,9149,703,4432,64.050686,4.921591,31.027723,True,PIH_MS_V2.5_ESTABILIDADE_SENSIBILIDADE_V1
250,OXY25,Q02,14284,9149,782,4353,64.050686,5.474657,30.474657,True,PIH_MS_V2.5_ESTABILIDADE_SENSIBILIDADE_V1
250,OXY25,Q03,14284,9149,1417,3718,64.050686,9.92019,26.029123,True,PIH_MS_V2.5_ESTABILIDADE_SENSIBILIDADE_V1
250,OXY25,Q04,14284,9149,565,4570,64.050686,3.955475,31.993839,True,PIH_MS_V2.5_ESTABILIDADE_SENSIBILIDADE_V1
250,OXY25,Q05,14284,9149,2281,2854,64.050686,15.968916,19.980398,True,PIH_MS_V2.5_ESTABILIDADE_SENSIBILIDADE_V1
500,O00,Q01,14284,7501,711,6072,52.513302,4.977597,42.509101,True,PIH_MS_V2.5_ESTABILIDADE_SENSIBILIDADE_V1
500,O00,Q02,14284,7501,850,5933,52.513302,5.950714,41.535984,True,PIH_MS_V2.5_ESTABILIDADE_SENSIBILIDADE_V1
500,O00,Q03,14284,7501,1504,5279,52.513302,10.529264,36.957435,True,PIH_MS_V2.5_ESTABILIDADE_SENSIBILIDADE_V1
500,O00,Q04,14284,7501,553,6230,52.513302,3.871465,43.615234,True,PIH_MS_V2.5_ESTABILIDADE_SENSIBILIDADE_V1
500,O00,Q05,14284,7501,2523,4260,52.513302,17.66312,29.823579,True,PIH_MS_V2.5_ESTABILIDADE_SENSIBILIDADE_V1
500,OX25,Q01,14284,7375,664,6245,51.631196,4.648558,43.720246,True,PIH_MS_V2.5_ESTABILIDADE_SENSIBILIDADE_V1
500,OX25,Q02,14284,7375,751,6158,51.631196,5.257631,43.111173,True,PIH_MS_V2.5_ESTABILIDADE_SENSIBILIDADE_V1
500,OX25,Q03,14284,7375,1593,5316,51.631196,11.152338,37.216466,True,PIH_MS_V2.5_ESTABILIDADE_SENSIBILIDADE_V1
500,OX25,Q04,14284,7375,542,6367,51.631196,3.794455,44.574349,True,PIH_MS_V2.5_ESTABILIDADE_SENSIBILIDADE_V1
500,OX25,Q05,14284,7375,2428,4481,51.631196,16.99804,31.370764,True,PIH_MS_V2.5_ESTABILIDADE_SENSIBILIDADE_V1
500,OY25,Q01,14284,7323,698,6263,51.267152,4.886586,43.846262,True,PIH_MS_V2.5_ESTABILIDADE_SENSIBILIDADE_V1
500,OY25,Q02,14284,7323,814,6147,51.267152,5.698684,43.034164,True,PIH_MS_V2.5_ESTABILIDADE_SENSIBILIDADE_V1
500,OY25,Q03,14284,7323,1623,5338,51.267152,11.362363,37.370484,True,PIH_MS_V2.5_ESTABILIDADE_SENSIBILIDADE_V1
500,OY25,Q04,14284,7323,569,6392,51.267152,3.983478,44.74937,True,PIH_MS_V2.5_ESTABILIDADE_SENSIBILIDADE_V1
500,OY25,Q05,14284,7323,2474,4487,51.267152,17.320078,31.41277,True,PIH_MS_V2.5_ESTABILIDADE_SENSIBILIDADE_V1
500,OXY25,Q01,14284,7113,735,6436,49.796976,5.145617,45.057407,True,PIH_MS_V2.5_ESTABILIDADE_SENSIBILIDADE_V1
500,OXY25,Q02,14284,7113,820,6351,49.796976,5.740689,44.462335,True,PIH_MS_V2.5_ESTABILIDADE_SENSIBILIDADE_V1
500,OXY25,Q03,14284,7113,1620,5551,49.796976,11.341361,38.861663,True,PIH_MS_V2.5_ESTABILIDADE_SENSIBILIDADE_V1
500,OXY25,Q04,14284,7113,615,6556,49.796976,4.305517,45.897508,True,PIH_MS_V2.5_ESTABILIDADE_SENSIBILIDADE_V1
500,OXY25,Q05,14284,7113,2604,4567,49.796976,18.230188,31.972837,True,PIH_MS_V2.5_ESTABILIDADE_SENSIBILIDADE_V1
1000,O00,Q01,14284,5400,436,8448,37.804537,3.052366,59.143097,True,PIH_MS_V2.5_ESTABILIDADE_SENSIBILIDADE_V1
1000,O00,Q02,14284,5400,556,8328,37.804537,3.892467,58.302996,True,PIH_MS_V2.5_ESTABILIDADE_SENSIBILIDADE_V1
1000,O00,Q03,14284,5400,1351,7533,37.804537,9.458135,52.737328,True,PIH_MS_V2.5_ESTABILIDADE_SENSIBILIDADE_V1
1000,O00,Q04,14284,5400,313,8571,37.804537,2.191263,60.004201,True,PIH_MS_V2.5_ESTABILIDADE_SENSIBILIDADE_V1
1000,O00,Q05,14284,5400,2466,6418,37.804537,17.264072,44.931392,True,PIH_MS_V2.5_ESTABILIDADE_SENSIBILIDADE_V1
1000,OX25,Q01,14284,5579,656,8049,39.057687,4.592551,56.349762,True,PIH_MS_V2.5_ESTABILIDADE_SENSIBILIDADE_V1
1000,OX25,Q02,14284,5579,846,7859,39.057687,5.922711,55.019602,True,PIH_MS_V2.5_ESTABILIDADE_SENSIBILIDADE_V1
1000,OX25,Q03,14284,5579,1577,7128,39.057687,11.040325,49.901988,True,PIH_MS_V2.5_ESTABILIDADE_SENSIBILIDADE_V1
1000,OX25,Q04,14284,5579,563,8142,39.057687,3.941473,57.00084,True,PIH_MS_V2.5_ESTABILIDADE_SENSIBILIDADE_V1
1000,OX25,Q05,14284,5579,2393,6312,39.057687,16.75301,44.189303,True,PIH_MS_V2.5_ESTABILIDADE_SENSIBILIDADE_V1
1000,OY25,Q01,14284,5288,479,8517,37.020442,3.353402,59.626155,True,PIH_MS_V2.5_ESTABILIDADE_SENSIBILIDADE_V1
1000,OY25,Q02,14284,5288,634,8362,37.020442,4.438533,58.541025,True,PIH_MS_V2.5_ESTABILIDADE_SENSIBILIDADE_V1
1000,OY25,Q03,14284,5288,1720,7276,37.020442,12.041445,50.938113,True,PIH_MS_V2.5_ESTABILIDADE_SENSIBILIDADE_V1
1000,OY25,Q04,14284,5288,358,8638,37.020442,2.506301,60.473257,True,PIH_MS_V2.5_ESTABILIDADE_SENSIBILIDADE_V1
1000,OY25,Q05,14284,5288,2624,6372,37.020442,18.370204,44.609353,True,PIH_MS_V2.5_ESTABILIDADE_SENSIBILIDADE_V1
1000,OXY25,Q01,14284,5587,600,8097,39.113694,4.200504,56.685802,True,PIH_MS_V2.5_ESTABILIDADE_SENSIBILIDADE_V1
1000,OXY25,Q02,14284,5587,710,7987,39.113694,4.970596,55.91571,True,PIH_MS_V2.5_ESTABILIDADE_SENSIBILIDADE_V1
1000,OXY25,Q03,14284,5587,1493,7204,39.113694,10.452254,50.434052,True,PIH_MS_V2.5_ESTABILIDADE_SENSIBILIDADE_V1
1000,OXY25,Q04,14284,5587,435,8262,39.113694,3.045365,57.840941,True,PIH_MS_V2.5_ESTABILIDADE_SENSIBILIDADE_V1
1000,OXY25,Q05,14284,5587,2470,6227,39.113694,17.292075,43.594231,True,PIH_MS_V2.5_ESTABILIDADE_SENSIBILIDADE_V1
