scale_km2,question_code,origin_a,origin_b,support_points_n,exact_state_agreement_n,exact_state_agreement_pct,direct_presence_jaccard,direct_presence_mismatch_n,direct_presence_mismatch_pct,spearman_state_code,method_version
100,Q01,O00,OX25,14284,12482,87.384486,0.54865361,1475,10.326239,0.6596333649239077,PIH_MS_V2.5_ESTABILIDADE_SENSIBILIDADE_V1
100,Q01,O00,OY25,14284,12791,89.547746,0.60966306,1228,8.597032,0.7200346690157572,PIH_MS_V2.5_ESTABILIDADE_SENSIBILIDADE_V1
100,Q01,O00,OXY25,14284,12191,85.347242,0.49688704,1697,11.880426,0.5999131003078249,PIH_MS_V2.5_ESTABILIDADE_SENSIBILIDADE_V1
100,Q01,OX25,OY25,14284,12233,85.641277,0.49348727,1711,11.978437,0.6116927556509688,PIH_MS_V2.5_ESTABILIDADE_SENSIBILIDADE_V1
100,Q01,OX25,OXY25,14284,12833,89.841781,0.61528581,1198,8.387006,0.7250176062014434,PIH_MS_V2.5_ESTABILIDADE_SENSIBILIDADE_V1
100,Q01,OY25,OXY25,14284,12560,87.930552,0.56498756,1399,9.794175,0.6707016232909109,PIH_MS_V2.5_ESTABILIDADE_SENSIBILIDADE_V1
150,Q01,O00,OX25,14284,12220,85.550266,0.58236715,1729,12.104453,0.6736044039462452,PIH_MS_V2.5_ESTABILIDADE_SENSIBILIDADE_V1
150,Q01,O00,OY25,14284,12370,86.600392,0.62328596,1511,10.578269,0.7070631282440596,PIH_MS_V2.5_ESTABILIDADE_SENSIBILIDADE_V1
150,Q01,O00,OXY25,14284,11853,82.980958,0.5329102,1987,13.910669,0.6214275257532982,PIH_MS_V2.5_ESTABILIDADE_SENSIBILIDADE_V1
150,Q01,OX25,OY25,14284,11915,83.41501,0.53594306,1956,13.693643,0.6297760309074456,PIH_MS_V2.5_ESTABILIDADE_SENSIBILIDADE_V1
150,Q01,OX25,OXY25,14284,12444,87.118454,0.6287365,1478,10.347242,0.7177528194373651,PIH_MS_V2.5_ESTABILIDADE_SENSIBILIDADE_V1
150,Q01,OY25,OXY25,14284,12285,86.005321,0.59268413,1648,11.537384,0.6874529153448514,PIH_MS_V2.5_ESTABILIDADE_SENSIBILIDADE_V1
250,Q01,O00,OX25,14284,11719,82.042845,0.59690909,2217,15.520863,0.6715093050984915,PIH_MS_V2.5_ESTABILIDADE_SENSIBILIDADE_V1
250,Q01,O00,OY25,14284,12146,85.032204,0.65196078,1846,12.923551,0.7212589538560705,PIH_MS_V2.5_ESTABILIDADE_SENSIBILIDADE_V1
250,Q01,O00,OXY25,14284,11381,79.676561,0.55703153,2501,17.509101,0.6274242765991664,PIH_MS_V2.5_ESTABILIDADE_SENSIBILIDADE_V1
250,Q01,OX25,OY25,14284,11408,79.865584,0.56064356,2485,17.397088,0.6278025996754831,PIH_MS_V2.5_ESTABILIDADE_SENSIBILIDADE_V1
250,Q01,OX25,OXY25,14284,12130,84.92019,0.65162253,1868,13.077569,0.7232624923099021,PIH_MS_V2.5_ESTABILIDADE_SENSIBILIDADE_V1
250,Q01,OY25,OXY25,14284,11739,82.182862,0.60228509,2193,15.352842,0.6744578496124058,PIH_MS_V2.5_ESTABILIDADE_SENSIBILIDADE_V1
500,Q01,O00,OX25,14284,11574,81.027723,0.67078133,2427,16.991039,0.6800612647684441,PIH_MS_V2.5_ESTABILIDADE_SENSIBILIDADE_V1
500,Q01,O00,OY25,14284,11817,82.728927,0.70514238,2133,14.932792,0.7132744328933006,PIH_MS_V2.5_ESTABILIDADE_SENSIBILIDADE_V1
500,Q01,O00,OXY25,14284,11083,77.590311,0.62928227,2846,19.924391,0.6311366006091175,PIH_MS_V2.5_ESTABILIDADE_SENSIBILIDADE_V1
500,Q01,OX25,OY25,14284,11224,78.577429,0.64687294,2682,18.776253,0.6457630392322592,PIH_MS_V2.5_ESTABILIDADE_SENSIBILIDADE_V1
500,Q01,OX25,OXY25,14284,11826,82.791935,0.70558171,2189,15.324839,0.7147466808971894,PIH_MS_V2.5_ESTABILIDADE_SENSIBILIDADE_V1
500,Q01,OY25,OXY25,14284,11623,81.370764,0.70068301,2235,15.646878,0.7047841011002527,PIH_MS_V2.5_ESTABILIDADE_SENSIBILIDADE_V1
1000,Q01,O00,OX25,14284,11747,82.238869,0.74811911,2377,16.640997,0.6939091267260135,PIH_MS_V2.5_ESTABILIDADE_SENSIBILIDADE_V1
1000,Q01,O00,OY25,14284,12263,85.851302,0.79618846,1925,13.476617,0.7378096005403239,PIH_MS_V2.5_ESTABILIDADE_SENSIBILIDADE_V1
1000,Q01,O00,OXY25,14284,11376,79.641557,0.71985447,2695,18.867264,0.6424985701324167,PIH_MS_V2.5_ESTABILIDADE_SENSIBILIDADE_V1
1000,Q01,OX25,OY25,14284,11679,81.762812,0.74581094,2412,16.886026,0.6898986669502307,PIH_MS_V2.5_ESTABILIDADE_SENSIBILIDADE_V1
1000,Q01,OX25,OXY25,14284,12090,84.640157,0.77995811,1996,13.973677,0.7416021567065597,PIH_MS_V2.5_ESTABILIDADE_SENSIBILIDADE_V1
1000,Q01,OY25,OXY25,14284,11919,83.443013,0.76744681,2186,15.303836,0.7180520399168386,PIH_MS_V2.5_ESTABILIDADE_SENSIBILIDADE_V1
100,Q02,O00,OX25,14284,12468,87.286474,0.54712859,1451,10.158219,0.6603715866023953,PIH_MS_V2.5_ESTABILIDADE_SENSIBILIDADE_V1
100,Q02,O00,OY25,14284,12771,89.407729,0.60667964,1213,8.492019,0.7207795814364277,PIH_MS_V2.5_ESTABILIDADE_SENSIBILIDADE_V1
100,Q02,O00,OXY25,14284,12179,85.263232,0.49501661,1672,11.705405,0.6003050413724064,PIH_MS_V2.5_ESTABILIDADE_SENSIBILIDADE_V1
100,Q02,OX25,OY25,14284,12201,85.41725,0.48958019,1690,11.83142,0.6129663371339298,PIH_MS_V2.5_ESTABILIDADE_SENSIBILIDADE_V1
100,Q02,OX25,OXY25,14284,12813,89.701764,0.61435125,1177,8.239989,0.726395642920864,PIH_MS_V2.5_ESTABILIDADE_SENSIBILIDADE_V1
100,Q02,OY25,OXY25,14284,12544,87.818538,0.56051965,1387,9.710165,0.6705746041058548,PIH_MS_V2.5_ESTABILIDADE_SENSIBILIDADE_V1
150,Q02,O00,OX25,14284,12201,85.41725,0.5802651,1710,11.971437,0.6743778402536682,PIH_MS_V2.5_ESTABILIDADE_SENSIBILIDADE_V1
150,Q02,O00,OY25,14284,12352,86.474377,0.62385554,1479,10.354243,0.7088618110194906,PIH_MS_V2.5_ESTABILIDADE_SENSIBILIDADE_V1
150,Q02,O00,OXY25,14284,11833,82.840941,0.52989,1966,13.763652,0.6218513145207659,PIH_MS_V2.5_ESTABILIDADE_SENSIBILIDADE_V1
150,Q02,OX25,OY25,14284,11893,83.260991,0.53447445,1931,13.518622,0.6310772715185552,PIH_MS_V2.5_ESTABILIDADE_SENSIBILIDADE_V1
150,Q02,OX25,OXY25,14284,12438,87.076449,0.62621112,1466,10.263232,0.7173904498329267,PIH_MS_V2.5_ESTABILIDADE_SENSIBILIDADE_V1
150,Q02,OY25,OXY25,14284,12268,85.886306,0.59119497,1625,11.376365,0.6884083102915345,PIH_MS_V2.5_ESTABILIDADE_SENSIBILIDADE_V1
250,Q02,O00,OX25,14284,11699,81.902828,0.59715026,2177,15.240829,0.674015209544416,PIH_MS_V2.5_ESTABILIDADE_SENSIBILIDADE_V1
250,Q02,O00,OY25,14284,12126,84.892187,0.65347676,1804,12.629516,0.7242799260625141,PIH_MS_V2.5_ESTABILIDADE_SENSIBILIDADE_V1
250,Q02,O00,OXY25,14284,11360,79.529544,0.55760202,2450,17.152058,0.6303832254509668,PIH_MS_V2.5_ESTABILIDADE_SENSIBILIDADE_V1
250,Q02,OX25,OY25,14284,11402,79.823579,0.56405182,2423,16.963036,0.6312862131689485,PIH_MS_V2.5_ESTABILIDADE_SENSIBILIDADE_V1
250,Q02,OX25,OXY25,14284,12103,84.731168,0.65388267,1823,12.762532,0.7272796651117565,PIH_MS_V2.5_ESTABILIDADE_SENSIBILIDADE_V1
250,Q02,OY25,OXY25,14284,11739,82.182862,0.60502494,2138,14.967796,0.6769507062871273,PIH_MS_V2.5_ESTABILIDADE_SENSIBILIDADE_V1
500,Q02,O00,OX25,14284,11572,81.013722,0.67326322,2361,16.528983,0.6841690797186897,PIH_MS_V2.5_ESTABILIDADE_SENSIBILIDADE_V1
500,Q02,O00,OY25,14284,11789,82.532904,0.70501059,2090,14.631756,0.7168012457194552,PIH_MS_V2.5_ESTABILIDADE_SENSIBILIDADE_V1
500,Q02,O00,OXY25,14284,11077,77.548306,0.63025879,2786,19.504341,0.6347107660895871,PIH_MS_V2.5_ESTABILIDADE_SENSIBILIDADE_V1
500,Q02,OX25,OY25,14284,11213,78.50042,0.64835901,2625,18.377205,0.6496071819614364,PIH_MS_V2.5_ESTABILIDADE_SENSIBILIDADE_V1
500,Q02,OX25,OXY25,14284,11804,82.637917,0.70515267,2163,15.142817,0.7171884675282532,PIH_MS_V2.5_ESTABILIDADE_SENSIBILIDADE_V1
500,Q02,OY25,OXY25,14284,11596,81.181742,0.70087099,2198,15.387847,0.7083443148423589,PIH_MS_V2.5_ESTABILIDADE_SENSIBILIDADE_V1
1000,Q02,O00,OX25,14284,11684,81.797816,0.74937858,2319,16.234948,0.7044686534197309,PIH_MS_V2.5_ESTABILIDADE_SENSIBILIDADE_V1
1000,Q02,O00,OY25,14284,12170,85.200224,0.78923671,1966,13.763652,0.7382701096952323,PIH_MS_V2.5_ESTABILIDADE_SENSIBILIDADE_V1
1000,Q02,O00,OXY25,14284,11311,79.186502,0.72026571,2653,18.573229,0.6509726275902102,PIH_MS_V2.5_ESTABILIDADE_SENSIBILIDADE_V1
1000,Q02,OX25,OY25,14284,11552,80.873705,0.73709574,2455,17.187062,0.6921984631137689,PIH_MS_V2.5_ESTABILIDADE_SENSIBILIDADE_V1
1000,Q02,OX25,OXY25,14284,12008,84.066088,0.77089852,2050,14.351722,0.7394532093779569,PIH_MS_V2.5_ESTABILIDADE_SENSIBILIDADE_V1
1000,Q02,OY25,OXY25,14284,11855,82.994959,0.76536011,2173,15.212826,0.7229148533474955,PIH_MS_V2.5_ESTABILIDADE_SENSIBILIDADE_V1
100,Q03,O00,OX25,14284,12389,86.733408,0.54411765,1209,8.464016,0.6674682565128492,PIH_MS_V2.5_ESTABILIDADE_SENSIBILIDADE_V1
100,Q03,O00,OY25,14284,12730,89.120694,0.61188811,999,6.993839,0.7270744479815812,PIH_MS_V2.5_ESTABILIDADE_SENSIBILIDADE_V1
100,Q03,O00,OXY25,14284,12079,84.563148,0.48062296,1434,10.039205,0.6051215698627483,PIH_MS_V2.5_ESTABILIDADE_SENSIBILIDADE_V1
100,Q03,OX25,OY25,14284,12141,84.9972,0.49035311,1400,9.801176,0.6206451978300709,PIH_MS_V2.5_ESTABILIDADE_SENSIBILIDADE_V1
100,Q03,OX25,OXY25,14284,12726,89.092691,0.59218318,1033,7.231868,0.7289529182082591,PIH_MS_V2.5_ESTABILIDADE_SENSIBILIDADE_V1
100,Q03,OY25,OXY25,14284,12474,87.328479,0.55340175,1175,8.225987,0.6754688551075071,PIH_MS_V2.5_ESTABILIDADE_SENSIBILIDADE_V1
150,Q03,O00,OX25,14284,12054,84.388127,0.55683123,1544,10.809297,0.6793533499286775,PIH_MS_V2.5_ESTABILIDADE_SENSIBILIDADE_V1
150,Q03,O00,OY25,14284,12249,85.75329,0.60142772,1340,9.381126,0.7103021307027965,PIH_MS_V2.5_ESTABILIDADE_SENSIBILIDADE_V1
150,Q03,O00,OXY25,14284,11719,82.042845,0.51169343,1733,12.132456,0.6262959520743118,PIH_MS_V2.5_ESTABILIDADE_SENSIBILIDADE_V1
150,Q03,OX25,OY25,14284,11777,82.448894,0.51474305,1728,12.097452,0.6351359995580489,PIH_MS_V2.5_ESTABILIDADE_SENSIBILIDADE_V1
150,Q03,OX25,OXY25,14284,12381,86.677401,0.62780133,1229,8.604032,0.7246066353051921,PIH_MS_V2.5_ESTABILIDADE_SENSIBILIDADE_V1
150,Q03,OY25,OXY25,14284,12145,85.025203,0.5700412,1461,10.228227,0.6927141919377177,PIH_MS_V2.5_ESTABILIDADE_SENSIBILIDADE_V1
250,Q03,O00,OX25,14284,11567,80.978717,0.57087877,2007,14.050686,0.6765416211229933,PIH_MS_V2.5_ESTABILIDADE_SENSIBILIDADE_V1
250,Q03,O00,OY25,14284,11964,83.758051,0.64023696,1579,11.054327,0.7358630960216356,PIH_MS_V2.5_ESTABILIDADE_SENSIBILIDADE_V1
250,Q03,O00,OXY25,14284,11172,78.213386,0.53104027,2236,15.653878,0.6372851379109832,PIH_MS_V2.5_ESTABILIDADE_SENSIBILIDADE_V1
250,Q03,OX25,OY25,14284,11222,78.563428,0.54144915,2196,15.373845,0.6391640355680324,PIH_MS_V2.5_ESTABILIDADE_SENSIBILIDADE_V1
250,Q03,OX25,OXY25,14284,12019,84.143097,0.63921139,1647,11.530384,0.7314820243891959,PIH_MS_V2.5_ESTABILIDADE_SENSIBILIDADE_V1
250,Q03,OY25,OXY25,14284,11547,80.838701,0.57979754,1951,13.658639,0.6845861188256751,PIH_MS_V2.5_ESTABILIDADE_SENSIBILIDADE_V1
500,Q03,O00,OX25,14284,11285,79.004481,0.6330148,2381,16.669,0.682393225225358,PIH_MS_V2.5_ESTABILIDADE_SENSIBILIDADE_V1
500,Q03,O00,OY25,14284,11534,80.74769,0.67857708,2033,14.232708,0.7231934832781581,PIH_MS_V2.5_ESTABILIDADE_SENSIBILIDADE_V1
500,Q03,O00,OXY25,14284,10798,75.595071,0.59734513,2730,19.112293,0.6380432206194843,PIH_MS_V2.5_ESTABILIDADE_SENSIBILIDADE_V1
500,Q03,OX25,OY25,14284,10840,75.889107,0.61009521,2580,18.062167,0.6572447150339293,PIH_MS_V2.5_ESTABILIDADE_SENSIBILIDADE_V1
500,Q03,OX25,OXY25,14284,11656,81.601792,0.69452674,1959,13.714646,0.7305195993655834,PIH_MS_V2.5_ESTABILIDADE_SENSIBILIDADE_V1
500,Q03,OY25,OXY25,14284,11318,79.235508,0.66855654,2163,15.142817,0.7127085528613321,PIH_MS_V2.5_ESTABILIDADE_SENSIBILIDADE_V1
1000,Q03,O00,OX25,14284,11416,79.921591,0.72563559,2331,16.318958,0.713332285466203,PIH_MS_V2.5_ESTABILIDADE_SENSIBILIDADE_V1
1000,Q03,O00,OY25,14284,11665,81.6648,0.75254438,2091,14.638757,0.751543137971998,PIH_MS_V2.5_ESTABILIDADE_SENSIBILIDADE_V1
1000,Q03,O00,OXY25,14284,10789,75.532064,0.66972581,2915,20.407449,0.645460692304965,PIH_MS_V2.5_ESTABILIDADE_SENSIBILIDADE_V1
1000,Q03,OX25,OY25,14284,11216,78.521423,0.6993865,2548,17.838141,0.6929607359031033,PIH_MS_V2.5_ESTABILIDADE_SENSIBILIDADE_V1
1000,Q03,OX25,OXY25,14284,11671,81.706805,0.73742272,2166,15.16382,0.7415476426059909,PIH_MS_V2.5_ESTABILIDADE_SENSIBILIDADE_V1
1000,Q03,OY25,OXY25,14284,11227,78.598432,0.70413087,2514,17.600112,0.7160674203235529,PIH_MS_V2.5_ESTABILIDADE_SENSIBILIDADE_V1
100,Q04,O00,OX25,14284,12502,87.524503,0.54795737,1527,10.690283,0.6575588258568854,PIH_MS_V2.5_ESTABILIDADE_SENSIBILIDADE_V1
100,Q04,O00,OY25,14284,12811,89.687763,0.61129874,1266,8.863064,0.7187458602887462,PIH_MS_V2.5_ESTABILIDADE_SENSIBILIDADE_V1
100,Q04,O00,OXY25,14284,12212,85.494259,0.4972756,1753,12.272473,0.598198885410933,PIH_MS_V2.5_ESTABILIDADE_SENSIBILIDADE_V1
100,Q04,OX25,OY25,14284,12264,85.858303,0.49827685,1747,12.230468,0.6107185348354011,PIH_MS_V2.5_ESTABILIDADE_SENSIBILIDADE_V1
100,Q04,OX25,OXY25,14284,12849,89.953794,0.62136832,1212,8.485018,0.7254905942843937,PIH_MS_V2.5_ESTABILIDADE_SENSIBILIDADE_V1
100,Q04,OY25,OXY25,14284,12584,88.098572,0.56755943,1437,10.060207,0.6695532096568106,PIH_MS_V2.5_ESTABILIDADE_SENSIBILIDADE_V1
150,Q04,O00,OX25,14284,12275,85.935312,0.59036708,1752,12.265472,0.6725912812656223,PIH_MS_V2.5_ESTABILIDADE_SENSIBILIDADE_V1
150,Q04,O00,OY25,14284,12397,86.789415,0.62233405,1576,11.033324,0.7041921311252795,PIH_MS_V2.5_ESTABILIDADE_SENSIBILIDADE_V1
150,Q04,O00,OXY25,14284,11898,83.295996,0.53568182,2043,14.302716,0.6188201487761279,PIH_MS_V2.5_ESTABILIDADE_SENSIBILIDADE_V1
150,Q04,OX25,OY25,14284,11958,83.716046,0.54005049,2004,14.029684,0.6278350374414629,PIH_MS_V2.5_ESTABILIDADE_SENSIBILIDADE_V1
150,Q04,OX25,OXY25,14284,12487,87.41949,0.63063063,1517,10.620274,0.7149705310700157,PIH_MS_V2.5_ESTABILIDADE_SENSIBILIDADE_V1
150,Q04,OY25,OXY25,14284,12316,86.222347,0.5971723,1681,11.768412,0.686558008406991,PIH_MS_V2.5_ESTABILIDADE_SENSIBILIDADE_V1
250,Q04,O00,OX25,14284,11813,82.700924,0.60702988,2236,15.653878,0.6692652812309958,PIH_MS_V2.5_ESTABILIDADE_SENSIBILIDADE_V1
250,Q04,O00,OY25,14284,12221,85.557267,0.6622092,1844,12.909549,0.7206550306191054,PIH_MS_V2.5_ESTABILIDADE_SENSIBILIDADE_V1
250,Q04,O00,OXY25,14284,11485,80.404649,0.56741379,2509,17.565108,0.6250749417659274,PIH_MS_V2.5_ESTABILIDADE_SENSIBILIDADE_V1
250,Q04,OX25,OY25,14284,11531,80.726687,0.5766323,2464,17.25007,0.627753233392089,PIH_MS_V2.5_ESTABILIDADE_SENSIBILIDADE_V1
250,Q04,OX25,OXY25,14284,12204,85.438253,0.65998555,1883,13.182582,0.7214532357555653,PIH_MS_V2.5_ESTABILIDADE_SENSIBILIDADE_V1
250,Q04,OY25,OXY25,14284,11828,82.805937,0.61155273,2199,15.394847,0.6724311934597695,PIH_MS_V2.5_ESTABILIDADE_SENSIBILIDADE_V1
500,Q04,O00,OX25,14284,11660,81.629796,0.6775869,2421,16.949034,0.6780145283086138,PIH_MS_V2.5_ESTABILIDADE_SENSIBILIDADE_V1
500,Q04,O00,OY25,14284,11897,83.288995,0.7112256,2130,14.911789,0.7111020004478825,PIH_MS_V2.5_ESTABILIDADE_SENSIBILIDADE_V1
500,Q04,O00,OXY25,14284,11199,78.402408,0.63734153,2832,19.826379,0.6279970044056933,PIH_MS_V2.5_ESTABILIDADE_SENSIBILIDADE_V1
500,Q04,OX25,OY25,14284,11295,79.074489,0.6501552,2705,18.937272,0.6417747363442725,PIH_MS_V2.5_ESTABILIDADE_SENSIBILIDADE_V1
500,Q04,OX25,OXY25,14284,11874,83.127975,0.70781023,2211,15.478857,0.7115728705652471,PIH_MS_V2.5_ESTABILIDADE_SENSIBILIDADE_V1
500,Q04,OY25,OXY25,14284,11688,81.825819,0.70077499,2278,15.947914,0.6983385568785849,PIH_MS_V2.5_ESTABILIDADE_SENSIBILIDADE_V1
1000,Q04,O00,OX25,14284,11897,83.288995,0.76427742,2233,15.632876,0.7023904600265117,PIH_MS_V2.5_ESTABILIDADE_SENSIBILIDADE_V1
1000,Q04,O00,OY25,14284,12313,86.201344,0.80236699,1887,13.210585,0.7399182412690557,PIH_MS_V2.5_ESTABILIDADE_SENSIBILIDADE_V1
1000,Q04,O00,OXY25,14284,11508,80.565668,0.7330382,2593,18.153178,0.6473744882483199,PIH_MS_V2.5_ESTABILIDADE_SENSIBILIDADE_V1
1000,Q04,OX25,OY25,14284,11832,82.83394,0.76130996,2274,15.91991,0.6974743228343033,PIH_MS_V2.5_ESTABILIDADE_SENSIBILIDADE_V1
1000,Q04,OX25,OXY25,14284,12189,85.33324,0.79024337,1922,13.455615,0.7448474639295058,PIH_MS_V2.5_ESTABILIDADE_SENSIBILIDADE_V1
1000,Q04,OY25,OXY25,14284,12044,84.318118,0.77950932,2094,14.659759,0.7216407142573321,PIH_MS_V2.5_ESTABILIDADE_SENSIBILIDADE_V1
100,Q05,O00,OX25,14284,12335,86.355363,0.49974581,984,6.888827,0.6648676475961012,PIH_MS_V2.5_ESTABILIDADE_SENSIBILIDADE_V1
100,Q05,O00,OY25,14284,12657,88.609633,0.54569466,860,6.020722,0.7216437696788763,PIH_MS_V2.5_ESTABILIDADE_SENSIBILIDADE_V1
100,Q05,O00,OXY25,14284,11999,84.00308,0.42465753,1176,8.232988,0.6016044487610448,PIH_MS_V2.5_ESTABILIDADE_SENSIBILIDADE_V1
100,Q05,OX25,OY25,14284,12023,84.171101,0.42056977,1200,8.401008,0.6170444098250701,PIH_MS_V2.5_ESTABILIDADE_SENSIBILIDADE_V1
100,Q05,OX25,OXY25,14284,12718,89.036684,0.5616,822,5.754691,0.7273184321445252,PIH_MS_V2.5_ESTABILIDADE_SENSIBILIDADE_V1
100,Q05,OY25,OXY25,14284,12343,86.411369,0.48542199,1006,7.042845,0.673742215058332,PIH_MS_V2.5_ESTABILIDADE_SENSIBILIDADE_V1
150,Q05,O00,OX25,14284,11976,83.842061,0.51532567,1265,8.856063,0.6795082427837883,PIH_MS_V2.5_ESTABILIDADE_SENSIBILIDADE_V1
150,Q05,O00,OY25,14284,12122,84.864184,0.54312354,1176,8.232988,0.7077058750600945,PIH_MS_V2.5_ESTABILIDADE_SENSIBILIDADE_V1
150,Q05,O00,OXY25,14284,11614,81.307757,0.46528804,1448,10.137216,0.6255827677795585,PIH_MS_V2.5_ESTABILIDADE_SENSIBILIDADE_V1
150,Q05,OX25,OY25,14284,11612,81.293755,0.4440367,1515,10.606273,0.6319671785277374,PIH_MS_V2.5_ESTABILIDADE_SENSIBILIDADE_V1
150,Q05,OX25,OXY25,14284,12282,85.984318,0.56613546,1089,7.623915,0.7181380356048163,PIH_MS_V2.5_ESTABILIDADE_SENSIBILIDADE_V1
150,Q05,OY25,OXY25,14284,12043,84.311117,0.52373601,1234,8.639037,0.6929727816928404,PIH_MS_V2.5_ESTABILIDADE_SENSIBILIDADE_V1
250,Q05,O00,OX25,14284,11371,79.606553,0.51775148,1793,12.552506,0.6795348257432463,PIH_MS_V2.5_ESTABILIDADE_SENSIBILIDADE_V1
250,Q05,O00,OY25,14284,11831,82.826939,0.5877193,1457,10.200224,0.7320719280538018,PIH_MS_V2.5_ESTABILIDADE_SENSIBILIDADE_V1
250,Q05,O00,OXY25,14284,10941,76.596192,0.46504402,2066,14.463736,0.6357794027304,PIH_MS_V2.5_ESTABILIDADE_SENSIBILIDADE_V1
250,Q05,OX25,OY25,14284,11002,77.023243,0.47492163,2010,14.071689,0.636181404280017,PIH_MS_V2.5_ESTABILIDADE_SENSIBILIDADE_V1
250,Q05,OX25,OXY25,14284,11856,83.00196,0.58800558,1477,10.340241,0.7317896061059386,PIH_MS_V2.5_ESTABILIDADE_SENSIBILIDADE_V1
250,Q05,OY25,OXY25,14284,11377,79.648558,0.51201923,1827,12.790535,0.6775819137091098,PIH_MS_V2.5_ESTABILIDADE_SENSIBILIDADE_V1
500,Q05,O00,OX25,14284,10977,76.848222,0.58869502,2263,15.842901,0.6914318617947082,PIH_MS_V2.5_ESTABILIDADE_SENSIBILIDADE_V1
500,Q05,O00,OY25,14284,11267,78.878465,0.63281688,1967,13.770652,0.7259134110095952,PIH_MS_V2.5_ESTABILIDADE_SENSIBILIDADE_V1
500,Q05,O00,OXY25,14284,10456,73.200784,0.55350229,2537,17.761131,0.6525531023960611,PIH_MS_V2.5_ESTABILIDADE_SENSIBILIDADE_V1
500,Q05,OX25,OY25,14284,10432,73.032764,0.54914493,2610,18.272193,0.6580364483618453,PIH_MS_V2.5_ESTABILIDADE_SENSIBILIDADE_V1
500,Q05,OX25,OXY25,14284,11316,79.221507,0.63913043,1992,13.945673,0.7298667019617683,PIH_MS_V2.5_ESTABILIDADE_SENSIBILIDADE_V1
500,Q05,OY25,OXY25,14284,11027,77.198264,0.61592004,2152,15.065808,0.7109249814366889,PIH_MS_V2.5_ESTABILIDADE_SENSIBILIDADE_V1
1000,Q05,O00,OX25,14284,10779,75.462055,0.66797694,2534,17.740129,0.7222526786083701,PIH_MS_V2.5_ESTABILIDADE_SENSIBILIDADE_V1
1000,Q05,O00,OY25,14284,11317,79.228507,0.69538706,2298,16.087931,0.7385912835607847,PIH_MS_V2.5_ESTABILIDADE_SENSIBILIDADE_V1
1000,Q05,O00,OXY25,14284,10133,70.939513,0.59598637,3201,22.409689,0.6402650705022674,PIH_MS_V2.5_ESTABILIDADE_SENSIBILIDADE_V1
1000,Q05,OX25,OY25,14284,10470,73.298796,0.62075134,2968,20.778493,0.6846817979276746,PIH_MS_V2.5_ESTABILIDADE_SENSIBILIDADE_V1
1000,Q05,OX25,OXY25,14284,11218,78.535424,0.69308669,2273,15.91291,0.7514039013011102,PIH_MS_V2.5_ESTABILIDADE_SENSIBILIDADE_V1
1000,Q05,OY25,OXY25,14284,10867,76.078129,0.66521279,2533,17.733128,0.7289137483805264,PIH_MS_V2.5_ESTABILIDADE_SENSIBILIDADE_V1
