field,modules,source_files,definition,formula_or_rule,unit,how_to_read,does_not_mean,unknown_rule
color_hex,Prioridade de investigação por pergunta,confidence_class_registry.csv | priority_class_registry.csv,Valor auditável de color hex no módulo experimental V2.6.,"Calculado diretamente no universo, pergunta, escala, origem e denominador declarados no arquivo de origem.",texto,"Ler junto da pergunta, da escala, da classe de confiança, dos bloqueios e dos limites declarados.","Não é potencial aquífero, prioridade absoluta, prioridade integrada, representatividade territorial, peso ou score.","Sem base classificável, permanece UNKNOWN e não é convertido em zero."
confidence_c1_very_low_n,Prioridade de investigação por pergunta,priority_scale_question_summary.csv,Contagem ou código controlado associado a confidence c1 very low n no produto V2.6.,Classe separada derivada da concordância exata da prioridade entre cinco escalas e quatro origens.,n,"Ler junto da pergunta, da escala, da classe de confiança, dos bloqueios e dos limites declarados.","Não é potencial aquífero, prioridade absoluta, prioridade integrada, representatividade territorial, peso ou score.","Sem base classificável, permanece UNKNOWN e não é convertido em zero."
confidence_c2_low_n,Prioridade de investigação por pergunta,priority_scale_question_summary.csv,Contagem ou código controlado associado a confidence c2 low n no produto V2.6.,Classe separada derivada da concordância exata da prioridade entre cinco escalas e quatro origens.,n,"Ler junto da pergunta, da escala, da classe de confiança, dos bloqueios e dos limites declarados.","Não é potencial aquífero, prioridade absoluta, prioridade integrada, representatividade territorial, peso ou score.","Sem base classificável, permanece UNKNOWN e não é convertido em zero."
confidence_c3_moderate_n,Prioridade de investigação por pergunta,priority_scale_question_summary.csv,Contagem ou código controlado associado a confidence c3 moderate n no produto V2.6.,Classe separada derivada da concordância exata da prioridade entre cinco escalas e quatro origens.,n,"Ler junto da pergunta, da escala, da classe de confiança, dos bloqueios e dos limites declarados.","Não é potencial aquífero, prioridade absoluta, prioridade integrada, representatividade territorial, peso ou score.","Sem base classificável, permanece UNKNOWN e não é convertido em zero."
confidence_c4_high_n,Prioridade de investigação por pergunta,priority_scale_question_summary.csv,Contagem ou código controlado associado a confidence c4 high n no produto V2.6.,Classe separada derivada da concordância exata da prioridade entre cinco escalas e quatro origens.,n,"Ler junto da pergunta, da escala, da classe de confiança, dos bloqueios e dos limites declarados.","Não é potencial aquífero, prioridade absoluta, prioridade integrada, representatividade territorial, peso ou score.","Sem base classificável, permanece UNKNOWN e não é convertido em zero."
confidence_c5_very_high_n,Prioridade de investigação por pergunta,priority_scale_question_summary.csv,Contagem ou código controlado associado a confidence c5 very high n no produto V2.6.,Classe separada derivada da concordância exata da prioridade entre cinco escalas e quatro origens.,n,"Ler junto da pergunta, da escala, da classe de confiança, dos bloqueios e dos limites declarados.","Não é potencial aquífero, prioridade absoluta, prioridade integrada, representatividade territorial, peso ou score.","Sem base classificável, permanece UNKNOWN e não é convertido em zero."
confidence_class,Prioridade de investigação por pergunta,cell_question_priority_long.csv | confidence_class_registry.csv,Valor auditável de confidence class no módulo experimental V2.6.,Classe separada derivada da concordância exata da prioridade entre cinco escalas e quatro origens.,texto,"Ler junto da pergunta, da escala, da classe de confiança, dos bloqueios e dos limites declarados.","Não é potencial aquífero, prioridade absoluta, prioridade integrada, representatividade territorial, peso ou score.","Sem base classificável, permanece UNKNOWN e não é convertido em zero."
confidence_code,Prioridade de investigação por pergunta,cell_question_priority_long.csv | confidence_class_registry.csv,Contagem ou código controlado associado a confidence code no produto V2.6.,Classe separada derivada da concordância exata da prioridade entre cinco escalas e quatro origens.,n,"Ler junto da pergunta, da escala, da classe de confiança, dos bloqueios e dos limites declarados.","Não é potencial aquífero, prioridade absoluta, prioridade integrada, representatividade territorial, peso ou score.","Sem base classificável, permanece UNKNOWN e não é convertido em zero."
confidence_explanation,Prioridade de investigação por pergunta,cell_question_priority_long.csv,Valor auditável de confidence explanation no módulo experimental V2.6.,Classe separada derivada da concordância exata da prioridade entre cinco escalas e quatro origens.,texto,"Ler junto da pergunta, da escala, da classe de confiança, dos bloqueios e dos limites declarados.","Não é potencial aquífero, prioridade absoluta, prioridade integrada, representatividade territorial, peso ou score.","Sem base classificável, permanece UNKNOWN e não é convertido em zero."
confidence_label,Prioridade de investigação por pergunta,cell_question_priority_long.csv | confidence_class_registry.csv,Valor auditável de confidence label no módulo experimental V2.6.,Classe separada derivada da concordância exata da prioridade entre cinco escalas e quatro origens.,texto,"Ler junto da pergunta, da escala, da classe de confiança, dos bloqueios e dos limites declarados.","Não é potencial aquífero, prioridade absoluta, prioridade integrada, representatividade territorial, peso ou score.","Sem base classificável, permanece UNKNOWN e não é convertido em zero."
confidence_unknown_n,Prioridade de investigação por pergunta,priority_scale_question_summary.csv,Contagem ou código controlado associado a confidence unknown n no produto V2.6.,Classe separada derivada da concordância exata da prioridade entre cinco escalas e quatro origens.,n,"Ler junto da pergunta, da escala, da classe de confiança, dos bloqueios e dos limites declarados.","Não é potencial aquífero, prioridade absoluta, prioridade integrada, representatividade territorial, peso ou score.","Sem base classificável, permanece UNKNOWN e não é convertido em zero."
context_gate_n,Prioridade de investigação por pergunta,cell_question_priority_long.csv,Contagem ou código controlado associado a context gate n no produto V2.6.,Conjunção de evidência direta e requisitos intermediários explicitados no registro de regras da pergunta.,n,"Ler junto da pergunta, da escala, da classe de confiança, dos bloqueios e dos limites declarados.","Não é potencial aquífero, prioridade absoluta, prioridade integrada, representatividade territorial, peso ou score.","Sem base classificável, permanece UNKNOWN e não é convertido em zero."
context_gate_requirement_codes,Prioridade de investigação por pergunta,priority_question_rules.csv,Valor auditável de context gate requirement codes no módulo experimental V2.6.,Conjunção de evidência direta e requisitos intermediários explicitados no registro de regras da pergunta.,texto,"Ler junto da pergunta, da escala, da classe de confiança, dos bloqueios e dos limites declarados.","Não é potencial aquífero, prioridade absoluta, prioridade integrada, representatividade territorial, peso ou score.","Sem base classificável, permanece UNKNOWN e não é convertido em zero."
context_gate_rule,Prioridade de investigação por pergunta,priority_question_rules.csv,Valor auditável de context gate rule no módulo experimental V2.6.,Conjunção de evidência direta e requisitos intermediários explicitados no registro de regras da pergunta.,texto,"Ler junto da pergunta, da escala, da classe de confiança, dos bloqueios e dos limites declarados.","Não é potencial aquífero, prioridade absoluta, prioridade integrada, representatividade territorial, peso ou score.","Sem base classificável, permanece UNKNOWN e não é convertido em zero."
cross_scale_priority_exact_pct,Prioridade de investigação por pergunta,cell_question_priority_long.csv,"Percentual associado a cross scale priority exact pct, com denominador explícito no produto V2.6.",Classificação categórica não compensatória derivada do déficit documental demonstrado para uma pergunta explícita.,%,"Ler junto da pergunta, da escala, da classe de confiança, dos bloqueios e dos limites declarados.","Não é potencial aquífero, prioridade absoluta, prioridade integrada, representatividade territorial, peso ou score.","Sem base classificável, permanece UNKNOWN e não é convertido em zero."
cross_scale_priority_exact_support_n,Prioridade de investigação por pergunta,cell_question_priority_long.csv,Contagem ou código controlado associado a cross scale priority exact support n no produto V2.6.,Classificação categórica não compensatória derivada do déficit documental demonstrado para uma pergunta explícita.,n,"Ler junto da pergunta, da escala, da classe de confiança, dos bloqueios e dos limites declarados.","Não é potencial aquífero, prioridade absoluta, prioridade integrada, representatividade territorial, peso ou score.","Sem base classificável, permanece UNKNOWN e não é convertido em zero."
full_minimum_requirement_codes,Prioridade de investigação por pergunta,priority_question_rules.csv,Valor auditável de full minimum requirement codes no módulo experimental V2.6.,"Calculado diretamente no universo, pergunta, escala, origem e denominador declarados no arquivo de origem.",texto,"Ler junto da pergunta, da escala, da classe de confiança, dos bloqueios e dos limites declarados.","Não é potencial aquífero, prioridade absoluta, prioridade integrada, representatividade territorial, peso ou score.","Sem base classificável, permanece UNKNOWN e não é convertido em zero."
full_minimum_rule,Prioridade de investigação por pergunta,priority_question_rules.csv,Valor auditável de full minimum rule no módulo experimental V2.6.,"Calculado diretamente no universo, pergunta, escala, origem e denominador declarados no arquivo de origem.",texto,"Ler junto da pergunta, da escala, da classe de confiança, dos bloqueios e dos limites declarados.","Não é potencial aquífero, prioridade absoluta, prioridade integrada, representatividade territorial, peso ou score.","Sem base classificável, permanece UNKNOWN e não é convertido em zero."
fully_blocked_requirements_n,Prioridade de investigação por pergunta,cell_question_priority_long.csv,Contagem ou código controlado associado a fully blocked requirements n no produto V2.6.,"Requisito não demonstrado nos poços atribuídos à célula, sem inferir ausência física da propriedade.",n,"Ler junto da pergunta, da escala, da classe de confiança, dos bloqueios e dos limites declarados.","Não é potencial aquífero, prioridade absoluta, prioridade integrada, representatividade territorial, peso ou score.","Sem base classificável, permanece UNKNOWN e não é convertido em zero."
independence_required_for_network_inference,Prioridade de investigação por pergunta,priority_question_rules.csv,Valor auditável de independence required for network inference no módulo experimental V2.6.,"Calculado diretamente no universo, pergunta, escala, origem e denominador declarados no arquivo de origem.",texto,"Ler junto da pergunta, da escala, da classe de confiança, dos bloqueios e dos limites declarados.","Não é potencial aquífero, prioridade absoluta, prioridade integrada, representatividade territorial, peso ou score.","Sem base classificável, permanece UNKNOWN e não é convertido em zero."
integrated_priority_calculated,Prioridade de investigação por pergunta,cell_question_priority_long.csv | priority_scale_question_summary.csv | research_priority_1000km2.csv | research_priority_100km2.csv | research_priority_150km2.csv | research_priority_250km2.csv | research_priority_500km2.csv | support_priority_cross_scale.csv | support_priority_origin_scale.csv,Indicador lógico associado a integrated priority calculated nas regras da V2.6.,Classificação categórica não compensatória derivada do déficit documental demonstrado para uma pergunta explícita.,booleano,"Ler junto da pergunta, da escala, da classe de confiança, dos bloqueios e dos limites declarados.","Não é potencial aquífero, prioridade absoluta, prioridade integrada, representatividade territorial, peso ou score.","Sem base classificável, permanece UNKNOWN e não é convertido em zero."
interpolation_used,Prioridade de investigação por pergunta,cell_question_priority_long.csv,Indicador lógico associado a interpolation used nas regras da V2.6.,"Calculado diretamente no universo, pergunta, escala, origem e denominador declarados no arquivo de origem.",booleano,"Ler junto da pergunta, da escala, da classe de confiança, dos bloqueios e dos limites declarados.","Não é potencial aquífero, prioridade absoluta, prioridade integrada, representatividade territorial, peso ou score.","Sem base classificável, permanece UNKNOWN e não é convertido em zero."
observable_rule,Prioridade de investigação por pergunta,confidence_class_registry.csv | priority_class_registry.csv,Valor auditável de observable rule no módulo experimental V2.6.,"Calculado diretamente no universo, pergunta, escala, origem e denominador declarados no arquivo de origem.",texto,"Ler junto da pergunta, da escala, da classe de confiança, dos bloqueios e dos limites declarados.","Não é potencial aquífero, prioridade absoluta, prioridade integrada, representatividade territorial, peso ou score.","Sem base classificável, permanece UNKNOWN e não é convertido em zero."
origin_priority_exact_pct,Prioridade de investigação por pergunta,cell_question_priority_long.csv,"Percentual associado a origin priority exact pct, com denominador explícito no produto V2.6.",Classificação categórica não compensatória derivada do déficit documental demonstrado para uma pergunta explícita.,%,"Ler junto da pergunta, da escala, da classe de confiança, dos bloqueios e dos limites declarados.","Não é potencial aquífero, prioridade absoluta, prioridade integrada, representatividade territorial, peso ou score.","Sem base classificável, permanece UNKNOWN e não é convertido em zero."
origin_priority_exact_support_n,Prioridade de investigação por pergunta,cell_question_priority_long.csv,Contagem ou código controlado associado a origin priority exact support n no produto V2.6.,Classificação categórica não compensatória derivada do déficit documental demonstrado para uma pergunta explícita.,n,"Ler junto da pergunta, da escala, da classe de confiança, dos bloqueios e dos limites declarados.","Não é potencial aquífero, prioridade absoluta, prioridade integrada, representatividade territorial, peso ou score.","Sem base classificável, permanece UNKNOWN e não é convertido em zero."
potential_calculated,Prioridade de investigação por pergunta,cell_question_priority_long.csv,Indicador lógico associado a potential calculated nas regras da V2.6.,"Calculado diretamente no universo, pergunta, escala, origem e denominador declarados no arquivo de origem.",booleano,"Ler junto da pergunta, da escala, da classe de confiança, dos bloqueios e dos limites declarados.","Não é potencial aquífero, prioridade absoluta, prioridade integrada, representatividade territorial, peso ou score.","Sem base classificável, permanece UNKNOWN e não é convertido em zero."
prediction_used,Prioridade de investigação por pergunta,cell_question_priority_long.csv,Indicador lógico associado a prediction used nas regras da V2.6.,"Calculado diretamente no universo, pergunta, escala, origem e denominador declarados no arquivo de origem.",booleano,"Ler junto da pergunta, da escala, da classe de confiança, dos bloqueios e dos limites declarados.","Não é potencial aquífero, prioridade absoluta, prioridade integrada, representatividade territorial, peso ou score.","Sem base classificável, permanece UNKNOWN e não é convertido em zero."
priority_changes_across_origins_n,Prioridade de investigação por pergunta,support_priority_origin_scale.csv,Contagem ou código controlado associado a priority changes across origins n no produto V2.6.,Classificação categórica não compensatória derivada do déficit documental demonstrado para uma pergunta explícita.,n,"Ler junto da pergunta, da escala, da classe de confiança, dos bloqueios e dos limites declarados.","Não é potencial aquífero, prioridade absoluta, prioridade integrada, representatividade territorial, peso ou score.","Sem base classificável, permanece UNKNOWN e não é convertido em zero."
priority_changes_across_scales_n,Prioridade de investigação por pergunta,support_priority_cross_scale.csv,Contagem ou código controlado associado a priority changes across scales n no produto V2.6.,Classificação categórica não compensatória derivada do déficit documental demonstrado para uma pergunta explícita.,n,"Ler junto da pergunta, da escala, da classe de confiança, dos bloqueios e dos limites declarados.","Não é potencial aquífero, prioridade absoluta, prioridade integrada, representatividade territorial, peso ou score.","Sem base classificável, permanece UNKNOWN e não é convertido em zero."
priority_class,Prioridade de investigação por pergunta,cell_question_priority_long.csv | priority_class_registry.csv,Valor auditável de priority class no módulo experimental V2.6.,Classificação categórica não compensatória derivada do déficit documental demonstrado para uma pergunta explícita.,texto,"Ler junto da pergunta, da escala, da classe de confiança, dos bloqueios e dos limites declarados.","Não é potencial aquífero, prioridade absoluta, prioridade integrada, representatividade territorial, peso ou score.","Sem base classificável, permanece UNKNOWN e não é convertido em zero."
priority_code,Prioridade de investigação por pergunta,cell_question_priority_long.csv | priority_class_registry.csv,Contagem ou código controlado associado a priority code no produto V2.6.,Classificação categórica não compensatória derivada do déficit documental demonstrado para uma pergunta explícita.,n,"Ler junto da pergunta, da escala, da classe de confiança, dos bloqueios e dos limites declarados.","Não é potencial aquífero, prioridade absoluta, prioridade integrada, representatividade territorial, peso ou score.","Sem base classificável, permanece UNKNOWN e não é convertido em zero."
priority_code_1000km2,Prioridade de investigação por pergunta,support_priority_cross_scale.csv,Valor auditável de priority code 1000km2 no módulo experimental V2.6.,Classificação categórica não compensatória derivada do déficit documental demonstrado para uma pergunta explícita.,texto,"Ler junto da pergunta, da escala, da classe de confiança, dos bloqueios e dos limites declarados.","Não é potencial aquífero, prioridade absoluta, prioridade integrada, representatividade territorial, peso ou score.","Sem base classificável, permanece UNKNOWN e não é convertido em zero."
priority_code_100km2,Prioridade de investigação por pergunta,support_priority_cross_scale.csv,Valor auditável de priority code 100km2 no módulo experimental V2.6.,Classificação categórica não compensatória derivada do déficit documental demonstrado para uma pergunta explícita.,texto,"Ler junto da pergunta, da escala, da classe de confiança, dos bloqueios e dos limites declarados.","Não é potencial aquífero, prioridade absoluta, prioridade integrada, representatividade territorial, peso ou score.","Sem base classificável, permanece UNKNOWN e não é convertido em zero."
priority_code_150km2,Prioridade de investigação por pergunta,support_priority_cross_scale.csv,Valor auditável de priority code 150km2 no módulo experimental V2.6.,Classificação categórica não compensatória derivada do déficit documental demonstrado para uma pergunta explícita.,texto,"Ler junto da pergunta, da escala, da classe de confiança, dos bloqueios e dos limites declarados.","Não é potencial aquífero, prioridade absoluta, prioridade integrada, representatividade territorial, peso ou score.","Sem base classificável, permanece UNKNOWN e não é convertido em zero."
priority_code_250km2,Prioridade de investigação por pergunta,support_priority_cross_scale.csv,Valor auditável de priority code 250km2 no módulo experimental V2.6.,Classificação categórica não compensatória derivada do déficit documental demonstrado para uma pergunta explícita.,texto,"Ler junto da pergunta, da escala, da classe de confiança, dos bloqueios e dos limites declarados.","Não é potencial aquífero, prioridade absoluta, prioridade integrada, representatividade territorial, peso ou score.","Sem base classificável, permanece UNKNOWN e não é convertido em zero."
priority_code_500km2,Prioridade de investigação por pergunta,support_priority_cross_scale.csv,Valor auditável de priority code 500km2 no módulo experimental V2.6.,Classificação categórica não compensatória derivada do déficit documental demonstrado para uma pergunta explícita.,texto,"Ler junto da pergunta, da escala, da classe de confiança, dos bloqueios e dos limites declarados.","Não é potencial aquífero, prioridade absoluta, prioridade integrada, representatividade territorial, peso ou score.","Sem base classificável, permanece UNKNOWN e não é convertido em zero."
priority_code_O00,Prioridade de investigação por pergunta,support_priority_origin_scale.csv,Valor auditável de priority code O00 no módulo experimental V2.6.,Classificação categórica não compensatória derivada do déficit documental demonstrado para uma pergunta explícita.,texto,"Ler junto da pergunta, da escala, da classe de confiança, dos bloqueios e dos limites declarados.","Não é potencial aquífero, prioridade absoluta, prioridade integrada, representatividade territorial, peso ou score.","Sem base classificável, permanece UNKNOWN e não é convertido em zero."
priority_code_OX25,Prioridade de investigação por pergunta,support_priority_origin_scale.csv,Valor auditável de priority code OX25 no módulo experimental V2.6.,Classificação categórica não compensatória derivada do déficit documental demonstrado para uma pergunta explícita.,texto,"Ler junto da pergunta, da escala, da classe de confiança, dos bloqueios e dos limites declarados.","Não é potencial aquífero, prioridade absoluta, prioridade integrada, representatividade territorial, peso ou score.","Sem base classificável, permanece UNKNOWN e não é convertido em zero."
priority_code_OXY25,Prioridade de investigação por pergunta,support_priority_origin_scale.csv,Valor auditável de priority code OXY25 no módulo experimental V2.6.,Classificação categórica não compensatória derivada do déficit documental demonstrado para uma pergunta explícita.,texto,"Ler junto da pergunta, da escala, da classe de confiança, dos bloqueios e dos limites declarados.","Não é potencial aquífero, prioridade absoluta, prioridade integrada, representatividade territorial, peso ou score.","Sem base classificável, permanece UNKNOWN e não é convertido em zero."
priority_code_OY25,Prioridade de investigação por pergunta,support_priority_origin_scale.csv,Valor auditável de priority code OY25 no módulo experimental V2.6.,Classificação categórica não compensatória derivada do déficit documental demonstrado para uma pergunta explícita.,texto,"Ler junto da pergunta, da escala, da classe de confiança, dos bloqueios e dos limites declarados.","Não é potencial aquífero, prioridade absoluta, prioridade integrada, representatividade territorial, peso ou score.","Sem base classificável, permanece UNKNOWN e não é convertido em zero."
priority_exact_all_origins,Prioridade de investigação por pergunta,support_priority_origin_scale.csv,Indicador lógico associado a priority exact all origins nas regras da V2.6.,Classificação categórica não compensatória derivada do déficit documental demonstrado para uma pergunta explícita.,booleano,"Ler junto da pergunta, da escala, da classe de confiança, dos bloqueios e dos limites declarados.","Não é potencial aquífero, prioridade absoluta, prioridade integrada, representatividade territorial, peso ou score.","Sem base classificável, permanece UNKNOWN e não é convertido em zero."
priority_exact_all_scales,Prioridade de investigação por pergunta,support_priority_cross_scale.csv,Indicador lógico associado a priority exact all scales nas regras da V2.6.,Classificação categórica não compensatória derivada do déficit documental demonstrado para uma pergunta explícita.,booleano,"Ler junto da pergunta, da escala, da classe de confiança, dos bloqueios e dos limites declarados.","Não é potencial aquífero, prioridade absoluta, prioridade integrada, representatividade territorial, peso ou score.","Sem base classificável, permanece UNKNOWN e não é convertido em zero."
priority_explanation,Prioridade de investigação por pergunta,cell_question_priority_long.csv,Valor auditável de priority explanation no módulo experimental V2.6.,Classificação categórica não compensatória derivada do déficit documental demonstrado para uma pergunta explícita.,texto,"Ler junto da pergunta, da escala, da classe de confiança, dos bloqueios e dos limites declarados.","Não é potencial aquífero, prioridade absoluta, prioridade integrada, representatividade territorial, peso ou score.","Sem base classificável, permanece UNKNOWN e não é convertido em zero."
priority_label,Prioridade de investigação por pergunta,cell_question_priority_long.csv | priority_class_registry.csv,Valor auditável de priority label no módulo experimental V2.6.,Classificação categórica não compensatória derivada do déficit documental demonstrado para uma pergunta explícita.,texto,"Ler junto da pergunta, da escala, da classe de confiança, dos bloqueios e dos limites declarados.","Não é potencial aquífero, prioridade absoluta, prioridade integrada, representatividade territorial, peso ou score.","Sem base classificável, permanece UNKNOWN e não é convertido em zero."
priority_max_code_across_origins,Prioridade de investigação por pergunta,support_priority_origin_scale.csv,Valor auditável de priority max code across origins no módulo experimental V2.6.,Classificação categórica não compensatória derivada do déficit documental demonstrado para uma pergunta explícita.,texto,"Ler junto da pergunta, da escala, da classe de confiança, dos bloqueios e dos limites declarados.","Não é potencial aquífero, prioridade absoluta, prioridade integrada, representatividade territorial, peso ou score.","Sem base classificável, permanece UNKNOWN e não é convertido em zero."
priority_max_code_across_scales,Prioridade de investigação por pergunta,support_priority_cross_scale.csv,Valor auditável de priority max code across scales no módulo experimental V2.6.,Classificação categórica não compensatória derivada do déficit documental demonstrado para uma pergunta explícita.,texto,"Ler junto da pergunta, da escala, da classe de confiança, dos bloqueios e dos limites declarados.","Não é potencial aquífero, prioridade absoluta, prioridade integrada, representatividade territorial, peso ou score.","Sem base classificável, permanece UNKNOWN e não é convertido em zero."
priority_min_code_across_origins,Prioridade de investigação por pergunta,support_priority_origin_scale.csv,Valor auditável de priority min code across origins no módulo experimental V2.6.,Classificação categórica não compensatória derivada do déficit documental demonstrado para uma pergunta explícita.,texto,"Ler junto da pergunta, da escala, da classe de confiança, dos bloqueios e dos limites declarados.","Não é potencial aquífero, prioridade absoluta, prioridade integrada, representatividade territorial, peso ou score.","Sem base classificável, permanece UNKNOWN e não é convertido em zero."
priority_min_code_across_scales,Prioridade de investigação por pergunta,support_priority_cross_scale.csv,Valor auditável de priority min code across scales no módulo experimental V2.6.,Classificação categórica não compensatória derivada do déficit documental demonstrado para uma pergunta explícita.,texto,"Ler junto da pergunta, da escala, da classe de confiança, dos bloqueios e dos limites declarados.","Não é potencial aquífero, prioridade absoluta, prioridade integrada, representatividade territorial, peso ou score.","Sem base classificável, permanece UNKNOWN e não é convertido em zero."
priority_p1_critical_n,Prioridade de investigação por pergunta,priority_scale_question_summary.csv,Contagem ou código controlado associado a priority p1 critical n no produto V2.6.,Classificação categórica não compensatória derivada do déficit documental demonstrado para uma pergunta explícita.,n,"Ler junto da pergunta, da escala, da classe de confiança, dos bloqueios e dos limites declarados.","Não é potencial aquífero, prioridade absoluta, prioridade integrada, representatividade territorial, peso ou score.","Sem base classificável, permanece UNKNOWN e não é convertido em zero."
priority_p2_high_n,Prioridade de investigação por pergunta,priority_scale_question_summary.csv,Contagem ou código controlado associado a priority p2 high n no produto V2.6.,Classificação categórica não compensatória derivada do déficit documental demonstrado para uma pergunta explícita.,n,"Ler junto da pergunta, da escala, da classe de confiança, dos bloqueios e dos limites declarados.","Não é potencial aquífero, prioridade absoluta, prioridade integrada, representatividade territorial, peso ou score.","Sem base classificável, permanece UNKNOWN e não é convertido em zero."
priority_p3_moderate_n,Prioridade de investigação por pergunta,priority_scale_question_summary.csv,Contagem ou código controlado associado a priority p3 moderate n no produto V2.6.,Classificação categórica não compensatória derivada do déficit documental demonstrado para uma pergunta explícita.,n,"Ler junto da pergunta, da escala, da classe de confiança, dos bloqueios e dos limites declarados.","Não é potencial aquífero, prioridade absoluta, prioridade integrada, representatividade territorial, peso ou score.","Sem base classificável, permanece UNKNOWN e não é convertido em zero."
priority_p4_low_n,Prioridade de investigação por pergunta,priority_scale_question_summary.csv,Contagem ou código controlado associado a priority p4 low n no produto V2.6.,Classificação categórica não compensatória derivada do déficit documental demonstrado para uma pergunta explícita.,n,"Ler junto da pergunta, da escala, da classe de confiança, dos bloqueios e dos limites declarados.","Não é potencial aquífero, prioridade absoluta, prioridade integrada, representatividade territorial, peso ou score.","Sem base classificável, permanece UNKNOWN e não é convertido em zero."
priority_p5_documentary_sufficiency_n,Prioridade de investigação por pergunta,priority_scale_question_summary.csv,Contagem ou código controlado associado a priority p5 documentary sufficiency n no produto V2.6.,Classificação categórica não compensatória derivada do déficit documental demonstrado para uma pergunta explícita.,n,"Ler junto da pergunta, da escala, da classe de confiança, dos bloqueios e dos limites declarados.","Não é potencial aquífero, prioridade absoluta, prioridade integrada, representatividade territorial, peso ou score.","Sem base classificável, permanece UNKNOWN e não é convertido em zero."
priority_unknown_n,Prioridade de investigação por pergunta,priority_scale_question_summary.csv,Contagem ou código controlado associado a priority unknown n no produto V2.6.,Classificação categórica não compensatória derivada do déficit documental demonstrado para uma pergunta explícita.,n,"Ler junto da pergunta, da escala, da classe de confiança, dos bloqueios e dos limites declarados.","Não é potencial aquífero, prioridade absoluta, prioridade integrada, representatividade territorial, peso ou score.","Sem base classificável, permanece UNKNOWN e não é convertido em zero."
q01_confidence_class,Prioridade de investigação por pergunta,research_priority_1000km2.csv | research_priority_100km2.csv | research_priority_150km2.csv | research_priority_250km2.csv | research_priority_500km2.csv,Valor auditável de q01 confidence class no módulo experimental V2.6.,Classe separada derivada da concordância exata da prioridade entre cinco escalas e quatro origens.,texto,"Ler junto da pergunta, da escala, da classe de confiança, dos bloqueios e dos limites declarados.","Não é potencial aquífero, prioridade absoluta, prioridade integrada, representatividade territorial, peso ou score.","Sem base classificável, permanece UNKNOWN e não é convertido em zero."
q01_confidence_code,Prioridade de investigação por pergunta,research_priority_1000km2.csv | research_priority_100km2.csv | research_priority_150km2.csv | research_priority_250km2.csv | research_priority_500km2.csv,Contagem ou código controlado associado a q01 confidence code no produto V2.6.,Classe separada derivada da concordância exata da prioridade entre cinco escalas e quatro origens.,n,"Ler junto da pergunta, da escala, da classe de confiança, dos bloqueios e dos limites declarados.","Não é potencial aquífero, prioridade absoluta, prioridade integrada, representatividade territorial, peso ou score.","Sem base classificável, permanece UNKNOWN e não é convertido em zero."
q01_confidence_label,Prioridade de investigação por pergunta,research_priority_1000km2.csv | research_priority_100km2.csv | research_priority_150km2.csv | research_priority_250km2.csv | research_priority_500km2.csv,Valor auditável de q01 confidence label no módulo experimental V2.6.,Classe separada derivada da concordância exata da prioridade entre cinco escalas e quatro origens.,texto,"Ler junto da pergunta, da escala, da classe de confiança, dos bloqueios e dos limites declarados.","Não é potencial aquífero, prioridade absoluta, prioridade integrada, representatividade territorial, peso ou score.","Sem base classificável, permanece UNKNOWN e não é convertido em zero."
q01_context_gate_n,Prioridade de investigação por pergunta,research_priority_1000km2.csv | research_priority_100km2.csv | research_priority_150km2.csv | research_priority_250km2.csv | research_priority_500km2.csv,Contagem ou código controlado associado a q01 context gate n no produto V2.6.,Conjunção de evidência direta e requisitos intermediários explicitados no registro de regras da pergunta.,n,"Ler junto da pergunta, da escala, da classe de confiança, dos bloqueios e dos limites declarados.","Não é potencial aquífero, prioridade absoluta, prioridade integrada, representatividade territorial, peso ou score.","Sem base classificável, permanece UNKNOWN e não é convertido em zero."
q01_cross_scale_priority_exact_pct,Prioridade de investigação por pergunta,research_priority_1000km2.csv | research_priority_100km2.csv | research_priority_150km2.csv | research_priority_250km2.csv | research_priority_500km2.csv,"Percentual associado a q01 cross scale priority exact pct, com denominador explícito no produto V2.6.",Classificação categórica não compensatória derivada do déficit documental demonstrado para uma pergunta explícita.,%,"Ler junto da pergunta, da escala, da classe de confiança, dos bloqueios e dos limites declarados.","Não é potencial aquífero, prioridade absoluta, prioridade integrada, representatividade territorial, peso ou score.","Sem base classificável, permanece UNKNOWN e não é convertido em zero."
q01_fully_blocked_requirements_n,Prioridade de investigação por pergunta,research_priority_1000km2.csv | research_priority_100km2.csv | research_priority_150km2.csv | research_priority_250km2.csv | research_priority_500km2.csv,Contagem ou código controlado associado a q01 fully blocked requirements n no produto V2.6.,"Requisito não demonstrado nos poços atribuídos à célula, sem inferir ausência física da propriedade.",n,"Ler junto da pergunta, da escala, da classe de confiança, dos bloqueios e dos limites declarados.","Não é potencial aquífero, prioridade absoluta, prioridade integrada, representatividade territorial, peso ou score.","Sem base classificável, permanece UNKNOWN e não é convertido em zero."
q01_independence_state,Prioridade de investigação por pergunta,research_priority_1000km2.csv | research_priority_100km2.csv | research_priority_150km2.csv | research_priority_250km2.csv | research_priority_500km2.csv,Valor auditável de q01 independence state no módulo experimental V2.6.,"Calculado diretamente no universo, pergunta, escala, origem e denominador declarados no arquivo de origem.",texto,"Ler junto da pergunta, da escala, da classe de confiança, dos bloqueios e dos limites declarados.","Não é potencial aquífero, prioridade absoluta, prioridade integrada, representatividade territorial, peso ou score.","Sem base classificável, permanece UNKNOWN e não é convertido em zero."
q01_origin_priority_exact_pct,Prioridade de investigação por pergunta,research_priority_1000km2.csv | research_priority_100km2.csv | research_priority_150km2.csv | research_priority_250km2.csv | research_priority_500km2.csv,"Percentual associado a q01 origin priority exact pct, com denominador explícito no produto V2.6.",Classificação categórica não compensatória derivada do déficit documental demonstrado para uma pergunta explícita.,%,"Ler junto da pergunta, da escala, da classe de confiança, dos bloqueios e dos limites declarados.","Não é potencial aquífero, prioridade absoluta, prioridade integrada, representatividade territorial, peso ou score.","Sem base classificável, permanece UNKNOWN e não é convertido em zero."
q01_priority_class,Prioridade de investigação por pergunta,research_priority_1000km2.csv | research_priority_100km2.csv | research_priority_150km2.csv | research_priority_250km2.csv | research_priority_500km2.csv,Valor auditável de q01 priority class no módulo experimental V2.6.,Classificação categórica não compensatória derivada do déficit documental demonstrado para uma pergunta explícita.,texto,"Ler junto da pergunta, da escala, da classe de confiança, dos bloqueios e dos limites declarados.","Não é potencial aquífero, prioridade absoluta, prioridade integrada, representatividade territorial, peso ou score.","Sem base classificável, permanece UNKNOWN e não é convertido em zero."
q01_priority_code,Prioridade de investigação por pergunta,research_priority_1000km2.csv | research_priority_100km2.csv | research_priority_150km2.csv | research_priority_250km2.csv | research_priority_500km2.csv,Contagem ou código controlado associado a q01 priority code no produto V2.6.,Classificação categórica não compensatória derivada do déficit documental demonstrado para uma pergunta explícita.,n,"Ler junto da pergunta, da escala, da classe de confiança, dos bloqueios e dos limites declarados.","Não é potencial aquífero, prioridade absoluta, prioridade integrada, representatividade territorial, peso ou score.","Sem base classificável, permanece UNKNOWN e não é convertido em zero."
q01_priority_label,Prioridade de investigação por pergunta,research_priority_1000km2.csv | research_priority_100km2.csv | research_priority_150km2.csv | research_priority_250km2.csv | research_priority_500km2.csv,Valor auditável de q01 priority label no módulo experimental V2.6.,Classificação categórica não compensatória derivada do déficit documental demonstrado para uma pergunta explícita.,texto,"Ler junto da pergunta, da escala, da classe de confiança, dos bloqueios e dos limites declarados.","Não é potencial aquífero, prioridade absoluta, prioridade integrada, representatividade territorial, peso ou score.","Sem base classificável, permanece UNKNOWN e não é convertido em zero."
q01_recommendation,Prioridade de investigação por pergunta,research_priority_1000km2.csv | research_priority_100km2.csv | research_priority_150km2.csv | research_priority_250km2.csv | research_priority_500km2.csv,Valor auditável de q01 recommendation no módulo experimental V2.6.,"Calculado diretamente no universo, pergunta, escala, origem e denominador declarados no arquivo de origem.",texto,"Ler junto da pergunta, da escala, da classe de confiança, dos bloqueios e dos limites declarados.","Não é potencial aquífero, prioridade absoluta, prioridade integrada, representatividade territorial, peso ou score.","Sem base classificável, permanece UNKNOWN e não é convertido em zero."
q01_recommended_actions,Prioridade de investigação por pergunta,research_priority_1000km2.csv | research_priority_100km2.csv | research_priority_150km2.csv | research_priority_250km2.csv | research_priority_500km2.csv,Valor auditável de q01 recommended actions no módulo experimental V2.6.,"Calculado diretamente no universo, pergunta, escala, origem e denominador declarados no arquivo de origem.",texto,"Ler junto da pergunta, da escala, da classe de confiança, dos bloqueios e dos limites declarados.","Não é potencial aquífero, prioridade absoluta, prioridade integrada, representatividade territorial, peso ou score.","Sem base classificável, permanece UNKNOWN e não é convertido em zero."
q01_representativeness_state,Prioridade de investigação por pergunta,research_priority_1000km2.csv | research_priority_100km2.csv | research_priority_150km2.csv | research_priority_250km2.csv | research_priority_500km2.csv,Valor auditável de q01 representativeness state no módulo experimental V2.6.,"Calculado diretamente no universo, pergunta, escala, origem e denominador declarados no arquivo de origem.",texto,"Ler junto da pergunta, da escala, da classe de confiança, dos bloqueios e dos limites declarados.","Não é potencial aquífero, prioridade absoluta, prioridade integrada, representatividade territorial, peso ou score.","Sem base classificável, permanece UNKNOWN e não é convertido em zero."
q02_confidence_class,Prioridade de investigação por pergunta,research_priority_1000km2.csv | research_priority_100km2.csv | research_priority_150km2.csv | research_priority_250km2.csv | research_priority_500km2.csv,Valor auditável de q02 confidence class no módulo experimental V2.6.,Classe separada derivada da concordância exata da prioridade entre cinco escalas e quatro origens.,texto,"Ler junto da pergunta, da escala, da classe de confiança, dos bloqueios e dos limites declarados.","Não é potencial aquífero, prioridade absoluta, prioridade integrada, representatividade territorial, peso ou score.","Sem base classificável, permanece UNKNOWN e não é convertido em zero."
q02_confidence_code,Prioridade de investigação por pergunta,research_priority_1000km2.csv | research_priority_100km2.csv | research_priority_150km2.csv | research_priority_250km2.csv | research_priority_500km2.csv,Contagem ou código controlado associado a q02 confidence code no produto V2.6.,Classe separada derivada da concordância exata da prioridade entre cinco escalas e quatro origens.,n,"Ler junto da pergunta, da escala, da classe de confiança, dos bloqueios e dos limites declarados.","Não é potencial aquífero, prioridade absoluta, prioridade integrada, representatividade territorial, peso ou score.","Sem base classificável, permanece UNKNOWN e não é convertido em zero."
q02_confidence_label,Prioridade de investigação por pergunta,research_priority_1000km2.csv | research_priority_100km2.csv | research_priority_150km2.csv | research_priority_250km2.csv | research_priority_500km2.csv,Valor auditável de q02 confidence label no módulo experimental V2.6.,Classe separada derivada da concordância exata da prioridade entre cinco escalas e quatro origens.,texto,"Ler junto da pergunta, da escala, da classe de confiança, dos bloqueios e dos limites declarados.","Não é potencial aquífero, prioridade absoluta, prioridade integrada, representatividade territorial, peso ou score.","Sem base classificável, permanece UNKNOWN e não é convertido em zero."
q02_context_gate_n,Prioridade de investigação por pergunta,research_priority_1000km2.csv | research_priority_100km2.csv | research_priority_150km2.csv | research_priority_250km2.csv | research_priority_500km2.csv,Contagem ou código controlado associado a q02 context gate n no produto V2.6.,Conjunção de evidência direta e requisitos intermediários explicitados no registro de regras da pergunta.,n,"Ler junto da pergunta, da escala, da classe de confiança, dos bloqueios e dos limites declarados.","Não é potencial aquífero, prioridade absoluta, prioridade integrada, representatividade territorial, peso ou score.","Sem base classificável, permanece UNKNOWN e não é convertido em zero."
q02_cross_scale_priority_exact_pct,Prioridade de investigação por pergunta,research_priority_1000km2.csv | research_priority_100km2.csv | research_priority_150km2.csv | research_priority_250km2.csv | research_priority_500km2.csv,"Percentual associado a q02 cross scale priority exact pct, com denominador explícito no produto V2.6.",Classificação categórica não compensatória derivada do déficit documental demonstrado para uma pergunta explícita.,%,"Ler junto da pergunta, da escala, da classe de confiança, dos bloqueios e dos limites declarados.","Não é potencial aquífero, prioridade absoluta, prioridade integrada, representatividade territorial, peso ou score.","Sem base classificável, permanece UNKNOWN e não é convertido em zero."
q02_fully_blocked_requirements_n,Prioridade de investigação por pergunta,research_priority_1000km2.csv | research_priority_100km2.csv | research_priority_150km2.csv | research_priority_250km2.csv | research_priority_500km2.csv,Contagem ou código controlado associado a q02 fully blocked requirements n no produto V2.6.,"Requisito não demonstrado nos poços atribuídos à célula, sem inferir ausência física da propriedade.",n,"Ler junto da pergunta, da escala, da classe de confiança, dos bloqueios e dos limites declarados.","Não é potencial aquífero, prioridade absoluta, prioridade integrada, representatividade territorial, peso ou score.","Sem base classificável, permanece UNKNOWN e não é convertido em zero."
q02_independence_state,Prioridade de investigação por pergunta,research_priority_1000km2.csv | research_priority_100km2.csv | research_priority_150km2.csv | research_priority_250km2.csv | research_priority_500km2.csv,Valor auditável de q02 independence state no módulo experimental V2.6.,"Calculado diretamente no universo, pergunta, escala, origem e denominador declarados no arquivo de origem.",texto,"Ler junto da pergunta, da escala, da classe de confiança, dos bloqueios e dos limites declarados.","Não é potencial aquífero, prioridade absoluta, prioridade integrada, representatividade territorial, peso ou score.","Sem base classificável, permanece UNKNOWN e não é convertido em zero."
q02_origin_priority_exact_pct,Prioridade de investigação por pergunta,research_priority_1000km2.csv | research_priority_100km2.csv | research_priority_150km2.csv | research_priority_250km2.csv | research_priority_500km2.csv,"Percentual associado a q02 origin priority exact pct, com denominador explícito no produto V2.6.",Classificação categórica não compensatória derivada do déficit documental demonstrado para uma pergunta explícita.,%,"Ler junto da pergunta, da escala, da classe de confiança, dos bloqueios e dos limites declarados.","Não é potencial aquífero, prioridade absoluta, prioridade integrada, representatividade territorial, peso ou score.","Sem base classificável, permanece UNKNOWN e não é convertido em zero."
q02_priority_class,Prioridade de investigação por pergunta,research_priority_1000km2.csv | research_priority_100km2.csv | research_priority_150km2.csv | research_priority_250km2.csv | research_priority_500km2.csv,Valor auditável de q02 priority class no módulo experimental V2.6.,Classificação categórica não compensatória derivada do déficit documental demonstrado para uma pergunta explícita.,texto,"Ler junto da pergunta, da escala, da classe de confiança, dos bloqueios e dos limites declarados.","Não é potencial aquífero, prioridade absoluta, prioridade integrada, representatividade territorial, peso ou score.","Sem base classificável, permanece UNKNOWN e não é convertido em zero."
q02_priority_code,Prioridade de investigação por pergunta,research_priority_1000km2.csv | research_priority_100km2.csv | research_priority_150km2.csv | research_priority_250km2.csv | research_priority_500km2.csv,Contagem ou código controlado associado a q02 priority code no produto V2.6.,Classificação categórica não compensatória derivada do déficit documental demonstrado para uma pergunta explícita.,n,"Ler junto da pergunta, da escala, da classe de confiança, dos bloqueios e dos limites declarados.","Não é potencial aquífero, prioridade absoluta, prioridade integrada, representatividade territorial, peso ou score.","Sem base classificável, permanece UNKNOWN e não é convertido em zero."
q02_priority_label,Prioridade de investigação por pergunta,research_priority_1000km2.csv | research_priority_100km2.csv | research_priority_150km2.csv | research_priority_250km2.csv | research_priority_500km2.csv,Valor auditável de q02 priority label no módulo experimental V2.6.,Classificação categórica não compensatória derivada do déficit documental demonstrado para uma pergunta explícita.,texto,"Ler junto da pergunta, da escala, da classe de confiança, dos bloqueios e dos limites declarados.","Não é potencial aquífero, prioridade absoluta, prioridade integrada, representatividade territorial, peso ou score.","Sem base classificável, permanece UNKNOWN e não é convertido em zero."
q02_recommendation,Prioridade de investigação por pergunta,research_priority_1000km2.csv | research_priority_100km2.csv | research_priority_150km2.csv | research_priority_250km2.csv | research_priority_500km2.csv,Valor auditável de q02 recommendation no módulo experimental V2.6.,"Calculado diretamente no universo, pergunta, escala, origem e denominador declarados no arquivo de origem.",texto,"Ler junto da pergunta, da escala, da classe de confiança, dos bloqueios e dos limites declarados.","Não é potencial aquífero, prioridade absoluta, prioridade integrada, representatividade territorial, peso ou score.","Sem base classificável, permanece UNKNOWN e não é convertido em zero."
q02_recommended_actions,Prioridade de investigação por pergunta,research_priority_1000km2.csv | research_priority_100km2.csv | research_priority_150km2.csv | research_priority_250km2.csv | research_priority_500km2.csv,Valor auditável de q02 recommended actions no módulo experimental V2.6.,"Calculado diretamente no universo, pergunta, escala, origem e denominador declarados no arquivo de origem.",texto,"Ler junto da pergunta, da escala, da classe de confiança, dos bloqueios e dos limites declarados.","Não é potencial aquífero, prioridade absoluta, prioridade integrada, representatividade territorial, peso ou score.","Sem base classificável, permanece UNKNOWN e não é convertido em zero."
q02_representativeness_state,Prioridade de investigação por pergunta,research_priority_1000km2.csv | research_priority_100km2.csv | research_priority_150km2.csv | research_priority_250km2.csv | research_priority_500km2.csv,Valor auditável de q02 representativeness state no módulo experimental V2.6.,"Calculado diretamente no universo, pergunta, escala, origem e denominador declarados no arquivo de origem.",texto,"Ler junto da pergunta, da escala, da classe de confiança, dos bloqueios e dos limites declarados.","Não é potencial aquífero, prioridade absoluta, prioridade integrada, representatividade territorial, peso ou score.","Sem base classificável, permanece UNKNOWN e não é convertido em zero."
q03_confidence_class,Prioridade de investigação por pergunta,research_priority_1000km2.csv | research_priority_100km2.csv | research_priority_150km2.csv | research_priority_250km2.csv | research_priority_500km2.csv,Valor auditável de q03 confidence class no módulo experimental V2.6.,Classe separada derivada da concordância exata da prioridade entre cinco escalas e quatro origens.,texto,"Ler junto da pergunta, da escala, da classe de confiança, dos bloqueios e dos limites declarados.","Não é potencial aquífero, prioridade absoluta, prioridade integrada, representatividade territorial, peso ou score.","Sem base classificável, permanece UNKNOWN e não é convertido em zero."
q03_confidence_code,Prioridade de investigação por pergunta,research_priority_1000km2.csv | research_priority_100km2.csv | research_priority_150km2.csv | research_priority_250km2.csv | research_priority_500km2.csv,Contagem ou código controlado associado a q03 confidence code no produto V2.6.,Classe separada derivada da concordância exata da prioridade entre cinco escalas e quatro origens.,n,"Ler junto da pergunta, da escala, da classe de confiança, dos bloqueios e dos limites declarados.","Não é potencial aquífero, prioridade absoluta, prioridade integrada, representatividade territorial, peso ou score.","Sem base classificável, permanece UNKNOWN e não é convertido em zero."
q03_confidence_label,Prioridade de investigação por pergunta,research_priority_1000km2.csv | research_priority_100km2.csv | research_priority_150km2.csv | research_priority_250km2.csv | research_priority_500km2.csv,Valor auditável de q03 confidence label no módulo experimental V2.6.,Classe separada derivada da concordância exata da prioridade entre cinco escalas e quatro origens.,texto,"Ler junto da pergunta, da escala, da classe de confiança, dos bloqueios e dos limites declarados.","Não é potencial aquífero, prioridade absoluta, prioridade integrada, representatividade territorial, peso ou score.","Sem base classificável, permanece UNKNOWN e não é convertido em zero."
q03_context_gate_n,Prioridade de investigação por pergunta,research_priority_1000km2.csv | research_priority_100km2.csv | research_priority_150km2.csv | research_priority_250km2.csv | research_priority_500km2.csv,Contagem ou código controlado associado a q03 context gate n no produto V2.6.,Conjunção de evidência direta e requisitos intermediários explicitados no registro de regras da pergunta.,n,"Ler junto da pergunta, da escala, da classe de confiança, dos bloqueios e dos limites declarados.","Não é potencial aquífero, prioridade absoluta, prioridade integrada, representatividade territorial, peso ou score.","Sem base classificável, permanece UNKNOWN e não é convertido em zero."
q03_cross_scale_priority_exact_pct,Prioridade de investigação por pergunta,research_priority_1000km2.csv | research_priority_100km2.csv | research_priority_150km2.csv | research_priority_250km2.csv | research_priority_500km2.csv,"Percentual associado a q03 cross scale priority exact pct, com denominador explícito no produto V2.6.",Classificação categórica não compensatória derivada do déficit documental demonstrado para uma pergunta explícita.,%,"Ler junto da pergunta, da escala, da classe de confiança, dos bloqueios e dos limites declarados.","Não é potencial aquífero, prioridade absoluta, prioridade integrada, representatividade territorial, peso ou score.","Sem base classificável, permanece UNKNOWN e não é convertido em zero."
q03_fully_blocked_requirements_n,Prioridade de investigação por pergunta,research_priority_1000km2.csv | research_priority_100km2.csv | research_priority_150km2.csv | research_priority_250km2.csv | research_priority_500km2.csv,Contagem ou código controlado associado a q03 fully blocked requirements n no produto V2.6.,"Requisito não demonstrado nos poços atribuídos à célula, sem inferir ausência física da propriedade.",n,"Ler junto da pergunta, da escala, da classe de confiança, dos bloqueios e dos limites declarados.","Não é potencial aquífero, prioridade absoluta, prioridade integrada, representatividade territorial, peso ou score.","Sem base classificável, permanece UNKNOWN e não é convertido em zero."
q03_independence_state,Prioridade de investigação por pergunta,research_priority_1000km2.csv | research_priority_100km2.csv | research_priority_150km2.csv | research_priority_250km2.csv | research_priority_500km2.csv,Valor auditável de q03 independence state no módulo experimental V2.6.,"Calculado diretamente no universo, pergunta, escala, origem e denominador declarados no arquivo de origem.",texto,"Ler junto da pergunta, da escala, da classe de confiança, dos bloqueios e dos limites declarados.","Não é potencial aquífero, prioridade absoluta, prioridade integrada, representatividade territorial, peso ou score.","Sem base classificável, permanece UNKNOWN e não é convertido em zero."
q03_origin_priority_exact_pct,Prioridade de investigação por pergunta,research_priority_1000km2.csv | research_priority_100km2.csv | research_priority_150km2.csv | research_priority_250km2.csv | research_priority_500km2.csv,"Percentual associado a q03 origin priority exact pct, com denominador explícito no produto V2.6.",Classificação categórica não compensatória derivada do déficit documental demonstrado para uma pergunta explícita.,%,"Ler junto da pergunta, da escala, da classe de confiança, dos bloqueios e dos limites declarados.","Não é potencial aquífero, prioridade absoluta, prioridade integrada, representatividade territorial, peso ou score.","Sem base classificável, permanece UNKNOWN e não é convertido em zero."
q03_priority_class,Prioridade de investigação por pergunta,research_priority_1000km2.csv | research_priority_100km2.csv | research_priority_150km2.csv | research_priority_250km2.csv | research_priority_500km2.csv,Valor auditável de q03 priority class no módulo experimental V2.6.,Classificação categórica não compensatória derivada do déficit documental demonstrado para uma pergunta explícita.,texto,"Ler junto da pergunta, da escala, da classe de confiança, dos bloqueios e dos limites declarados.","Não é potencial aquífero, prioridade absoluta, prioridade integrada, representatividade territorial, peso ou score.","Sem base classificável, permanece UNKNOWN e não é convertido em zero."
q03_priority_code,Prioridade de investigação por pergunta,research_priority_1000km2.csv | research_priority_100km2.csv | research_priority_150km2.csv | research_priority_250km2.csv | research_priority_500km2.csv,Contagem ou código controlado associado a q03 priority code no produto V2.6.,Classificação categórica não compensatória derivada do déficit documental demonstrado para uma pergunta explícita.,n,"Ler junto da pergunta, da escala, da classe de confiança, dos bloqueios e dos limites declarados.","Não é potencial aquífero, prioridade absoluta, prioridade integrada, representatividade territorial, peso ou score.","Sem base classificável, permanece UNKNOWN e não é convertido em zero."
q03_priority_label,Prioridade de investigação por pergunta,research_priority_1000km2.csv | research_priority_100km2.csv | research_priority_150km2.csv | research_priority_250km2.csv | research_priority_500km2.csv,Valor auditável de q03 priority label no módulo experimental V2.6.,Classificação categórica não compensatória derivada do déficit documental demonstrado para uma pergunta explícita.,texto,"Ler junto da pergunta, da escala, da classe de confiança, dos bloqueios e dos limites declarados.","Não é potencial aquífero, prioridade absoluta, prioridade integrada, representatividade territorial, peso ou score.","Sem base classificável, permanece UNKNOWN e não é convertido em zero."
q03_recommendation,Prioridade de investigação por pergunta,research_priority_1000km2.csv | research_priority_100km2.csv | research_priority_150km2.csv | research_priority_250km2.csv | research_priority_500km2.csv,Valor auditável de q03 recommendation no módulo experimental V2.6.,"Calculado diretamente no universo, pergunta, escala, origem e denominador declarados no arquivo de origem.",texto,"Ler junto da pergunta, da escala, da classe de confiança, dos bloqueios e dos limites declarados.","Não é potencial aquífero, prioridade absoluta, prioridade integrada, representatividade territorial, peso ou score.","Sem base classificável, permanece UNKNOWN e não é convertido em zero."
q03_recommended_actions,Prioridade de investigação por pergunta,research_priority_1000km2.csv | research_priority_100km2.csv | research_priority_150km2.csv | research_priority_250km2.csv | research_priority_500km2.csv,Valor auditável de q03 recommended actions no módulo experimental V2.6.,"Calculado diretamente no universo, pergunta, escala, origem e denominador declarados no arquivo de origem.",texto,"Ler junto da pergunta, da escala, da classe de confiança, dos bloqueios e dos limites declarados.","Não é potencial aquífero, prioridade absoluta, prioridade integrada, representatividade territorial, peso ou score.","Sem base classificável, permanece UNKNOWN e não é convertido em zero."
q03_representativeness_state,Prioridade de investigação por pergunta,research_priority_1000km2.csv | research_priority_100km2.csv | research_priority_150km2.csv | research_priority_250km2.csv | research_priority_500km2.csv,Valor auditável de q03 representativeness state no módulo experimental V2.6.,"Calculado diretamente no universo, pergunta, escala, origem e denominador declarados no arquivo de origem.",texto,"Ler junto da pergunta, da escala, da classe de confiança, dos bloqueios e dos limites declarados.","Não é potencial aquífero, prioridade absoluta, prioridade integrada, representatividade territorial, peso ou score.","Sem base classificável, permanece UNKNOWN e não é convertido em zero."
q04_confidence_class,Prioridade de investigação por pergunta,research_priority_1000km2.csv | research_priority_100km2.csv | research_priority_150km2.csv | research_priority_250km2.csv | research_priority_500km2.csv,Valor auditável de q04 confidence class no módulo experimental V2.6.,Classe separada derivada da concordância exata da prioridade entre cinco escalas e quatro origens.,texto,"Ler junto da pergunta, da escala, da classe de confiança, dos bloqueios e dos limites declarados.","Não é potencial aquífero, prioridade absoluta, prioridade integrada, representatividade territorial, peso ou score.","Sem base classificável, permanece UNKNOWN e não é convertido em zero."
q04_confidence_code,Prioridade de investigação por pergunta,research_priority_1000km2.csv | research_priority_100km2.csv | research_priority_150km2.csv | research_priority_250km2.csv | research_priority_500km2.csv,Contagem ou código controlado associado a q04 confidence code no produto V2.6.,Classe separada derivada da concordância exata da prioridade entre cinco escalas e quatro origens.,n,"Ler junto da pergunta, da escala, da classe de confiança, dos bloqueios e dos limites declarados.","Não é potencial aquífero, prioridade absoluta, prioridade integrada, representatividade territorial, peso ou score.","Sem base classificável, permanece UNKNOWN e não é convertido em zero."
q04_confidence_label,Prioridade de investigação por pergunta,research_priority_1000km2.csv | research_priority_100km2.csv | research_priority_150km2.csv | research_priority_250km2.csv | research_priority_500km2.csv,Valor auditável de q04 confidence label no módulo experimental V2.6.,Classe separada derivada da concordância exata da prioridade entre cinco escalas e quatro origens.,texto,"Ler junto da pergunta, da escala, da classe de confiança, dos bloqueios e dos limites declarados.","Não é potencial aquífero, prioridade absoluta, prioridade integrada, representatividade territorial, peso ou score.","Sem base classificável, permanece UNKNOWN e não é convertido em zero."
q04_context_gate_n,Prioridade de investigação por pergunta,research_priority_1000km2.csv | research_priority_100km2.csv | research_priority_150km2.csv | research_priority_250km2.csv | research_priority_500km2.csv,Contagem ou código controlado associado a q04 context gate n no produto V2.6.,Conjunção de evidência direta e requisitos intermediários explicitados no registro de regras da pergunta.,n,"Ler junto da pergunta, da escala, da classe de confiança, dos bloqueios e dos limites declarados.","Não é potencial aquífero, prioridade absoluta, prioridade integrada, representatividade territorial, peso ou score.","Sem base classificável, permanece UNKNOWN e não é convertido em zero."
q04_cross_scale_priority_exact_pct,Prioridade de investigação por pergunta,research_priority_1000km2.csv | research_priority_100km2.csv | research_priority_150km2.csv | research_priority_250km2.csv | research_priority_500km2.csv,"Percentual associado a q04 cross scale priority exact pct, com denominador explícito no produto V2.6.",Classificação categórica não compensatória derivada do déficit documental demonstrado para uma pergunta explícita.,%,"Ler junto da pergunta, da escala, da classe de confiança, dos bloqueios e dos limites declarados.","Não é potencial aquífero, prioridade absoluta, prioridade integrada, representatividade territorial, peso ou score.","Sem base classificável, permanece UNKNOWN e não é convertido em zero."
q04_fully_blocked_requirements_n,Prioridade de investigação por pergunta,research_priority_1000km2.csv | research_priority_100km2.csv | research_priority_150km2.csv | research_priority_250km2.csv | research_priority_500km2.csv,Contagem ou código controlado associado a q04 fully blocked requirements n no produto V2.6.,"Requisito não demonstrado nos poços atribuídos à célula, sem inferir ausência física da propriedade.",n,"Ler junto da pergunta, da escala, da classe de confiança, dos bloqueios e dos limites declarados.","Não é potencial aquífero, prioridade absoluta, prioridade integrada, representatividade territorial, peso ou score.","Sem base classificável, permanece UNKNOWN e não é convertido em zero."
q04_independence_state,Prioridade de investigação por pergunta,research_priority_1000km2.csv | research_priority_100km2.csv | research_priority_150km2.csv | research_priority_250km2.csv | research_priority_500km2.csv,Valor auditável de q04 independence state no módulo experimental V2.6.,"Calculado diretamente no universo, pergunta, escala, origem e denominador declarados no arquivo de origem.",texto,"Ler junto da pergunta, da escala, da classe de confiança, dos bloqueios e dos limites declarados.","Não é potencial aquífero, prioridade absoluta, prioridade integrada, representatividade territorial, peso ou score.","Sem base classificável, permanece UNKNOWN e não é convertido em zero."
q04_origin_priority_exact_pct,Prioridade de investigação por pergunta,research_priority_1000km2.csv | research_priority_100km2.csv | research_priority_150km2.csv | research_priority_250km2.csv | research_priority_500km2.csv,"Percentual associado a q04 origin priority exact pct, com denominador explícito no produto V2.6.",Classificação categórica não compensatória derivada do déficit documental demonstrado para uma pergunta explícita.,%,"Ler junto da pergunta, da escala, da classe de confiança, dos bloqueios e dos limites declarados.","Não é potencial aquífero, prioridade absoluta, prioridade integrada, representatividade territorial, peso ou score.","Sem base classificável, permanece UNKNOWN e não é convertido em zero."
q04_priority_class,Prioridade de investigação por pergunta,research_priority_1000km2.csv | research_priority_100km2.csv | research_priority_150km2.csv | research_priority_250km2.csv | research_priority_500km2.csv,Valor auditável de q04 priority class no módulo experimental V2.6.,Classificação categórica não compensatória derivada do déficit documental demonstrado para uma pergunta explícita.,texto,"Ler junto da pergunta, da escala, da classe de confiança, dos bloqueios e dos limites declarados.","Não é potencial aquífero, prioridade absoluta, prioridade integrada, representatividade territorial, peso ou score.","Sem base classificável, permanece UNKNOWN e não é convertido em zero."
q04_priority_code,Prioridade de investigação por pergunta,research_priority_1000km2.csv | research_priority_100km2.csv | research_priority_150km2.csv | research_priority_250km2.csv | research_priority_500km2.csv,Contagem ou código controlado associado a q04 priority code no produto V2.6.,Classificação categórica não compensatória derivada do déficit documental demonstrado para uma pergunta explícita.,n,"Ler junto da pergunta, da escala, da classe de confiança, dos bloqueios e dos limites declarados.","Não é potencial aquífero, prioridade absoluta, prioridade integrada, representatividade territorial, peso ou score.","Sem base classificável, permanece UNKNOWN e não é convertido em zero."
q04_priority_label,Prioridade de investigação por pergunta,research_priority_1000km2.csv | research_priority_100km2.csv | research_priority_150km2.csv | research_priority_250km2.csv | research_priority_500km2.csv,Valor auditável de q04 priority label no módulo experimental V2.6.,Classificação categórica não compensatória derivada do déficit documental demonstrado para uma pergunta explícita.,texto,"Ler junto da pergunta, da escala, da classe de confiança, dos bloqueios e dos limites declarados.","Não é potencial aquífero, prioridade absoluta, prioridade integrada, representatividade territorial, peso ou score.","Sem base classificável, permanece UNKNOWN e não é convertido em zero."
q04_recommendation,Prioridade de investigação por pergunta,research_priority_1000km2.csv | research_priority_100km2.csv | research_priority_150km2.csv | research_priority_250km2.csv | research_priority_500km2.csv,Valor auditável de q04 recommendation no módulo experimental V2.6.,"Calculado diretamente no universo, pergunta, escala, origem e denominador declarados no arquivo de origem.",texto,"Ler junto da pergunta, da escala, da classe de confiança, dos bloqueios e dos limites declarados.","Não é potencial aquífero, prioridade absoluta, prioridade integrada, representatividade territorial, peso ou score.","Sem base classificável, permanece UNKNOWN e não é convertido em zero."
q04_recommended_actions,Prioridade de investigação por pergunta,research_priority_1000km2.csv | research_priority_100km2.csv | research_priority_150km2.csv | research_priority_250km2.csv | research_priority_500km2.csv,Valor auditável de q04 recommended actions no módulo experimental V2.6.,"Calculado diretamente no universo, pergunta, escala, origem e denominador declarados no arquivo de origem.",texto,"Ler junto da pergunta, da escala, da classe de confiança, dos bloqueios e dos limites declarados.","Não é potencial aquífero, prioridade absoluta, prioridade integrada, representatividade territorial, peso ou score.","Sem base classificável, permanece UNKNOWN e não é convertido em zero."
q04_representativeness_state,Prioridade de investigação por pergunta,research_priority_1000km2.csv | research_priority_100km2.csv | research_priority_150km2.csv | research_priority_250km2.csv | research_priority_500km2.csv,Valor auditável de q04 representativeness state no módulo experimental V2.6.,"Calculado diretamente no universo, pergunta, escala, origem e denominador declarados no arquivo de origem.",texto,"Ler junto da pergunta, da escala, da classe de confiança, dos bloqueios e dos limites declarados.","Não é potencial aquífero, prioridade absoluta, prioridade integrada, representatividade territorial, peso ou score.","Sem base classificável, permanece UNKNOWN e não é convertido em zero."
q05_confidence_class,Prioridade de investigação por pergunta,research_priority_1000km2.csv | research_priority_100km2.csv | research_priority_150km2.csv | research_priority_250km2.csv | research_priority_500km2.csv,Valor auditável de q05 confidence class no módulo experimental V2.6.,Classe separada derivada da concordância exata da prioridade entre cinco escalas e quatro origens.,texto,"Ler junto da pergunta, da escala, da classe de confiança, dos bloqueios e dos limites declarados.","Não é potencial aquífero, prioridade absoluta, prioridade integrada, representatividade territorial, peso ou score.","Sem base classificável, permanece UNKNOWN e não é convertido em zero."
q05_confidence_code,Prioridade de investigação por pergunta,research_priority_1000km2.csv | research_priority_100km2.csv | research_priority_150km2.csv | research_priority_250km2.csv | research_priority_500km2.csv,Contagem ou código controlado associado a q05 confidence code no produto V2.6.,Classe separada derivada da concordância exata da prioridade entre cinco escalas e quatro origens.,n,"Ler junto da pergunta, da escala, da classe de confiança, dos bloqueios e dos limites declarados.","Não é potencial aquífero, prioridade absoluta, prioridade integrada, representatividade territorial, peso ou score.","Sem base classificável, permanece UNKNOWN e não é convertido em zero."
q05_confidence_label,Prioridade de investigação por pergunta,research_priority_1000km2.csv | research_priority_100km2.csv | research_priority_150km2.csv | research_priority_250km2.csv | research_priority_500km2.csv,Valor auditável de q05 confidence label no módulo experimental V2.6.,Classe separada derivada da concordância exata da prioridade entre cinco escalas e quatro origens.,texto,"Ler junto da pergunta, da escala, da classe de confiança, dos bloqueios e dos limites declarados.","Não é potencial aquífero, prioridade absoluta, prioridade integrada, representatividade territorial, peso ou score.","Sem base classificável, permanece UNKNOWN e não é convertido em zero."
q05_context_gate_n,Prioridade de investigação por pergunta,research_priority_1000km2.csv | research_priority_100km2.csv | research_priority_150km2.csv | research_priority_250km2.csv | research_priority_500km2.csv,Contagem ou código controlado associado a q05 context gate n no produto V2.6.,Conjunção de evidência direta e requisitos intermediários explicitados no registro de regras da pergunta.,n,"Ler junto da pergunta, da escala, da classe de confiança, dos bloqueios e dos limites declarados.","Não é potencial aquífero, prioridade absoluta, prioridade integrada, representatividade territorial, peso ou score.","Sem base classificável, permanece UNKNOWN e não é convertido em zero."
q05_cross_scale_priority_exact_pct,Prioridade de investigação por pergunta,research_priority_1000km2.csv | research_priority_100km2.csv | research_priority_150km2.csv | research_priority_250km2.csv | research_priority_500km2.csv,"Percentual associado a q05 cross scale priority exact pct, com denominador explícito no produto V2.6.",Classificação categórica não compensatória derivada do déficit documental demonstrado para uma pergunta explícita.,%,"Ler junto da pergunta, da escala, da classe de confiança, dos bloqueios e dos limites declarados.","Não é potencial aquífero, prioridade absoluta, prioridade integrada, representatividade territorial, peso ou score.","Sem base classificável, permanece UNKNOWN e não é convertido em zero."
q05_fully_blocked_requirements_n,Prioridade de investigação por pergunta,research_priority_1000km2.csv | research_priority_100km2.csv | research_priority_150km2.csv | research_priority_250km2.csv | research_priority_500km2.csv,Contagem ou código controlado associado a q05 fully blocked requirements n no produto V2.6.,"Requisito não demonstrado nos poços atribuídos à célula, sem inferir ausência física da propriedade.",n,"Ler junto da pergunta, da escala, da classe de confiança, dos bloqueios e dos limites declarados.","Não é potencial aquífero, prioridade absoluta, prioridade integrada, representatividade territorial, peso ou score.","Sem base classificável, permanece UNKNOWN e não é convertido em zero."
q05_independence_state,Prioridade de investigação por pergunta,research_priority_1000km2.csv | research_priority_100km2.csv | research_priority_150km2.csv | research_priority_250km2.csv | research_priority_500km2.csv,Valor auditável de q05 independence state no módulo experimental V2.6.,"Calculado diretamente no universo, pergunta, escala, origem e denominador declarados no arquivo de origem.",texto,"Ler junto da pergunta, da escala, da classe de confiança, dos bloqueios e dos limites declarados.","Não é potencial aquífero, prioridade absoluta, prioridade integrada, representatividade territorial, peso ou score.","Sem base classificável, permanece UNKNOWN e não é convertido em zero."
q05_origin_priority_exact_pct,Prioridade de investigação por pergunta,research_priority_1000km2.csv | research_priority_100km2.csv | research_priority_150km2.csv | research_priority_250km2.csv | research_priority_500km2.csv,"Percentual associado a q05 origin priority exact pct, com denominador explícito no produto V2.6.",Classificação categórica não compensatória derivada do déficit documental demonstrado para uma pergunta explícita.,%,"Ler junto da pergunta, da escala, da classe de confiança, dos bloqueios e dos limites declarados.","Não é potencial aquífero, prioridade absoluta, prioridade integrada, representatividade territorial, peso ou score.","Sem base classificável, permanece UNKNOWN e não é convertido em zero."
q05_priority_class,Prioridade de investigação por pergunta,research_priority_1000km2.csv | research_priority_100km2.csv | research_priority_150km2.csv | research_priority_250km2.csv | research_priority_500km2.csv,Valor auditável de q05 priority class no módulo experimental V2.6.,Classificação categórica não compensatória derivada do déficit documental demonstrado para uma pergunta explícita.,texto,"Ler junto da pergunta, da escala, da classe de confiança, dos bloqueios e dos limites declarados.","Não é potencial aquífero, prioridade absoluta, prioridade integrada, representatividade territorial, peso ou score.","Sem base classificável, permanece UNKNOWN e não é convertido em zero."
q05_priority_code,Prioridade de investigação por pergunta,research_priority_1000km2.csv | research_priority_100km2.csv | research_priority_150km2.csv | research_priority_250km2.csv | research_priority_500km2.csv,Contagem ou código controlado associado a q05 priority code no produto V2.6.,Classificação categórica não compensatória derivada do déficit documental demonstrado para uma pergunta explícita.,n,"Ler junto da pergunta, da escala, da classe de confiança, dos bloqueios e dos limites declarados.","Não é potencial aquífero, prioridade absoluta, prioridade integrada, representatividade territorial, peso ou score.","Sem base classificável, permanece UNKNOWN e não é convertido em zero."
q05_priority_label,Prioridade de investigação por pergunta,research_priority_1000km2.csv | research_priority_100km2.csv | research_priority_150km2.csv | research_priority_250km2.csv | research_priority_500km2.csv,Valor auditável de q05 priority label no módulo experimental V2.6.,Classificação categórica não compensatória derivada do déficit documental demonstrado para uma pergunta explícita.,texto,"Ler junto da pergunta, da escala, da classe de confiança, dos bloqueios e dos limites declarados.","Não é potencial aquífero, prioridade absoluta, prioridade integrada, representatividade territorial, peso ou score.","Sem base classificável, permanece UNKNOWN e não é convertido em zero."
q05_recommendation,Prioridade de investigação por pergunta,research_priority_1000km2.csv | research_priority_100km2.csv | research_priority_150km2.csv | research_priority_250km2.csv | research_priority_500km2.csv,Valor auditável de q05 recommendation no módulo experimental V2.6.,"Calculado diretamente no universo, pergunta, escala, origem e denominador declarados no arquivo de origem.",texto,"Ler junto da pergunta, da escala, da classe de confiança, dos bloqueios e dos limites declarados.","Não é potencial aquífero, prioridade absoluta, prioridade integrada, representatividade territorial, peso ou score.","Sem base classificável, permanece UNKNOWN e não é convertido em zero."
q05_recommended_actions,Prioridade de investigação por pergunta,research_priority_1000km2.csv | research_priority_100km2.csv | research_priority_150km2.csv | research_priority_250km2.csv | research_priority_500km2.csv,Valor auditável de q05 recommended actions no módulo experimental V2.6.,"Calculado diretamente no universo, pergunta, escala, origem e denominador declarados no arquivo de origem.",texto,"Ler junto da pergunta, da escala, da classe de confiança, dos bloqueios e dos limites declarados.","Não é potencial aquífero, prioridade absoluta, prioridade integrada, representatividade territorial, peso ou score.","Sem base classificável, permanece UNKNOWN e não é convertido em zero."
q05_representativeness_state,Prioridade de investigação por pergunta,research_priority_1000km2.csv | research_priority_100km2.csv | research_priority_150km2.csv | research_priority_250km2.csv | research_priority_500km2.csv,Valor auditável de q05 representativeness state no módulo experimental V2.6.,"Calculado diretamente no universo, pergunta, escala, origem e denominador declarados no arquivo de origem.",texto,"Ler junto da pergunta, da escala, da classe de confiança, dos bloqueios e dos limites declarados.","Não é potencial aquífero, prioridade absoluta, prioridade integrada, representatividade territorial, peso ou score.","Sem base classificável, permanece UNKNOWN e não é convertido em zero."
question_recommendation,Prioridade de investigação por pergunta,priority_question_rules.csv,Valor auditável de question recommendation no módulo experimental V2.6.,"Calculado diretamente no universo, pergunta, escala, origem e denominador declarados no arquivo de origem.",texto,"Ler junto da pergunta, da escala, da classe de confiança, dos bloqueios e dos limites declarados.","Não é potencial aquífero, prioridade absoluta, prioridade integrada, representatividade territorial, peso ou score.","Sem base classificável, permanece UNKNOWN e não é convertido em zero."
recommendation,Prioridade de investigação por pergunta,cell_question_priority_long.csv,Valor auditável de recommendation no módulo experimental V2.6.,"Calculado diretamente no universo, pergunta, escala, origem e denominador declarados no arquivo de origem.",texto,"Ler junto da pergunta, da escala, da classe de confiança, dos bloqueios e dos limites declarados.","Não é potencial aquífero, prioridade absoluta, prioridade integrada, representatividade territorial, peso ou score.","Sem base classificável, permanece UNKNOWN e não é convertido em zero."
recommended_action,Prioridade de investigação por pergunta,requirement_action_registry.csv,Valor auditável de recommended action no módulo experimental V2.6.,"Calculado diretamente no universo, pergunta, escala, origem e denominador declarados no arquivo de origem.",texto,"Ler junto da pergunta, da escala, da classe de confiança, dos bloqueios e dos limites declarados.","Não é potencial aquífero, prioridade absoluta, prioridade integrada, representatividade territorial, peso ou score.","Sem base classificável, permanece UNKNOWN e não é convertido em zero."
recommended_actions,Prioridade de investigação por pergunta,cell_question_priority_long.csv,Valor auditável de recommended actions no módulo experimental V2.6.,"Calculado diretamente no universo, pergunta, escala, origem e denominador declarados no arquivo de origem.",texto,"Ler junto da pergunta, da escala, da classe de confiança, dos bloqueios e dos limites declarados.","Não é potencial aquífero, prioridade absoluta, prioridade integrada, representatividade territorial, peso ou score.","Sem base classificável, permanece UNKNOWN e não é convertido em zero."
representativeness_required_for_p5,Prioridade de investigação por pergunta,priority_question_rules.csv,Valor auditável de representativeness required for p5 no módulo experimental V2.6.,"Calculado diretamente no universo, pergunta, escala, origem e denominador declarados no arquivo de origem.",texto,"Ler junto da pergunta, da escala, da classe de confiança, dos bloqueios e dos limites declarados.","Não é potencial aquífero, prioridade absoluta, prioridade integrada, representatividade territorial, peso ou score.","Sem base classificável, permanece UNKNOWN e não é convertido em zero."
