path,size_bytes,sha256,release
AUDITORIA_DOCUMENTACAO_NAVEGACAO_V251.md,4090,a21560d37a403ab9121172aa35f24054ba1c1c8ecee92caf0ea60b6554a5d007,PIH_MS_V2.5.1
CHANGELOG.md,7297,d3c1516471d6f7b1056bf7086eaf0e8d48724e71221a7adb3305e87c1bd8ee95,PIH_MS_V2.5.1
DECISION_LOG.md,11173,a3476419f9f5e974435ad907cbabe84410366dcd467454f9938dc4aff5506004,PIH_MS_V2.5.1
PLANO_FASE_FINAL_INSTALACAO_MOVEL.md,3720,0c379e68236b114687cc30ed38d099c5c43488bf4d57af3e0d1420c2df572075,PIH_MS_V2.5.1
README.md,5410,3da8daaca81b97b98de0cc5f17a8605a50030ae42cf0c32474b606d408d969df,PIH_MS_V2.5.1
docs/assets/css/documentation.css,12558,f4ef3df933798878853b936fa34b7c67a04205fa87cbdbafaeb3d0c500f797cd,PIH_MS_V2.5.1
docs/assets/css/pih.css,41855,5341e96426eac36586caf19bc83f25aaab7c69ff4e2e85f6553af8a20c2483ce,PIH_MS_V2.5.1
docs/assets/js/documentation.js,7316,86ea5a862e750d233ff741ace1c6a509fc14043b14ab030e60ed384e064547b8,PIH_MS_V2.5.1
docs/assets/js/pih.js,153942,4a101aa650094fcb6a6ce6250b7d18a56199d940d6c1e7c7da19867d3f66d27f,PIH_MS_V2.5.1
docs/autoria-direitos.html,4384,eab6303daad8712e80b84f432977cc25b4189656ddebec08c582d096a5510034,PIH_MS_V2.5.1
docs/bibliografia.html,33971,d9d5703959814c0a1a9a09d5393f43a381bc9818266c05b67debe4145ebf69c9,PIH_MS_V2.5.1
docs/data/statistics/statistics_v251.json,161634,8fdf9ca2c5510da09b00db3acbcf4aa5f38cfc98d94e6252f80fd97c3f37a30f,PIH_MS_V2.5.1
docs/dicionario-parametros.html,466106,abda0bfe225a97e7b66ed40ff77ae01e62566ff988401bab0323d63b3a0a3e35,PIH_MS_V2.5.1
docs/guia-resultados.html,51063,5b0e5008057d6dcaf257a4b142aef06bb7706566e0c21d8d6dd70a60b4925331,PIH_MS_V2.5.1
docs/index.html,60897,43037aa727e9dad437b0b5cd052fdf74a715d352e33ec653a2820db4b6d648d3,PIH_MS_V2.5.1
docs/licenca-conteudos.html,2228,5c94b86bc35b06ff97b7e812d8d99e51dda69e65545802b6b719c3bf8364284f,PIH_MS_V2.5.1
docs/metodologia-conhecimento-efetivo.html,4527,013d247b653f7b1ec33841877122d31a91993e8c751796004304ced5f3a6ec67,PIH_MS_V2.5.1
docs/metodologia-escalas-candidatas.html,6646,2d266f324f51723e46816cad3a8c2d9636e421d057bdd13dc9a18be2ef3cb37a,PIH_MS_V2.5.1
docs/metodologia-estabilidade-sensibilidade.html,4676,5d98d0fd0edc9b0f2dca89bba7003a3fa355933d735961d1732f78611b112aeb,PIH_MS_V2.5.1
docs/metodologia-estratificacao-hidrogeologica.html,4990,46c7a4a74ad0f761a32c7e88a0c6f66d7d4625580ec605d96afdbe6e033e39b7,PIH_MS_V2.5.1
docs/metodologia-estrutura-espacial.html,8120,0645259e81600a8630838049d94926b4d0566c1d9326fdcd6217cc6ad8eb8000,PIH_MS_V2.5.1
docs/metodologia-evidencias.html,12944,b0932c415c3161fa50ff3c3c5d34c58370be19ce5c81eb68db7c9f5394e653c0,PIH_MS_V2.5.1
docs/metodologia-independencia-redundancia.html,4071,d0939a8852fde5cc98a32bee52163fdc6f55d2931cca9fc5776475663279c1a5,PIH_MS_V2.5.1
docs/metodologia-malhas-evidencia.html,5334,def3634cd655c1e5296df8925659eb6f8f2f5812c6a283c53708f00aa451ee13,PIH_MS_V2.5.1
docs/metodologia-suficiencia-pergunta.html,9192,9271765933ef56aac823c305d7c62daf8069ff71328acc67ec177bda963c6702,PIH_MS_V2.5.1
docs/metodologia-vertical-temporal.html,5908,3cc848f7502573692bb69338e726a5cc928d8abb6ec89f699206dcfe4d1ca45e,PIH_MS_V2.5.1
