evidence_code,scale_a_km2,scale_b_km2,grid_family,support_points_n,spearman_density_per100km2,presence_jaccard,presence_mismatch_pct,presence_a_pct,presence_b_pct
E01,100,150,SCALE_PRIMARY_O00_V1,14284,0.6456229765435648,0.5291889483065954,14.792775133015962,21.177541304956595,26.869224306916827
E01,100,250,SCALE_PRIMARY_O00_V1,14284,0.616298294862897,0.4793116074697913,19.910389246709606,21.177541304956595,35.38924670960515
E01,100,500,SCALE_PRIMARY_O00_V1,14284,0.5782998174008057,0.4112230215827338,28.647437692523102,21.177541304956595,47.48669840380846
E01,100,1000,SCALE_PRIMARY_O00_V1,14284,0.5150850145555215,0.33255007273134163,41.76001120134416,21.177541304956595,62.19546345561467
E01,150,250,SCALE_PRIMARY_O00_V1,14284,0.6532297500386374,0.5574430823117338,17.691122934752173,26.869224306916827,35.38924670960515
E01,150,500,SCALE_PRIMARY_O00_V1,14284,0.6218350125638513,0.4946524064171123,25.14001680201624,26.869224306916827,47.48669840380846
E01,150,1000,SCALE_PRIMARY_O00_V1,14284,0.5754063709969834,0.41544281263907434,36.782413889666756,26.869224306916827,62.19546345561467
E01,250,500,SCALE_PRIMARY_O00_V1,14284,0.6819051744760147,0.5992974871656309,20.76449173900868,35.38924670960515,47.48669840380846
E01,250,1000,SCALE_PRIMARY_O00_V1,14284,0.6486158489027003,0.5378420123565755,29.326519182301876,35.38924670960515,62.19546345561467
E01,500,1000,SCALE_PRIMARY_O00_V1,14284,0.70124558152313,0.6684771033013844,21.79361523382806,47.48669840380846,62.19546345561467
E02,100,150,SCALE_PRIMARY_O00_V1,14284,0.6320307403684627,0.5114713216957606,13.714645757490898,18.412209465135817,24.01988238588631
E02,100,250,SCALE_PRIMARY_O00_V1,14284,0.5939840271506687,0.4534552845528455,18.82525903108373,18.412209465135817,31.650798095771492
E02,100,500,SCALE_PRIMARY_O00_V1,14284,0.5529268737069135,0.38286249414702667,27.681321758611034,18.412209465135817,43.61523382805937
E02,100,1000,SCALE_PRIMARY_O00_V1,14284,0.481241667658952,0.2991185339828346,42.306076729207504,18.412209465135817,60.00420050406049
E02,150,250,SCALE_PRIMARY_O00_V1,14284,0.6334582990409616,0.5336547733847637,16.92803136376365,24.01988238588631,31.650798095771492
E02,150,500,SCALE_PRIMARY_O00_V1,14284,0.6016797810360608,0.46868349042262086,24.46793615233828,24.01988238588631,43.61523382805937
E02,150,1000,SCALE_PRIMARY_O00_V1,14284,0.5454816333313958,0.38335638543107425,37.45449453934472,24.01988238588631,60.00420050406049
E02,250,500,SCALE_PRIMARY_O00_V1,14284,0.6557786452017695,0.5660597232337946,20.85550266031924,31.650798095771492,43.61523382805937
E02,250,1000,SCALE_PRIMARY_O00_V1,14284,0.6142085756786881,0.49862637362637363,30.663679641556985,31.650798095771492,60.00420050406049
E02,500,1000,SCALE_PRIMARY_O00_V1,14284,0.6696937598706172,0.6316833866166905,23.38980677681322,43.61523382805937,60.00420050406049
E03,100,150,SCALE_PRIMARY_O00_V1,14284,0.6319565492695851,0.5064171122994653,12.923550826099131,17.047045645477457,22.3956874824979
E03,100,250,SCALE_PRIMARY_O00_V1,14284,0.5919240186811946,0.4478688524590164,17.684122094651357,17.047045645477457,29.326519182301876
E03,100,500,SCALE_PRIMARY_O00_V1,14284,0.5482291440921583,0.37180544105523494,26.673200784094092,17.047045645477457,41.19994399327919
E03,100,1000,SCALE_PRIMARY_O00_V1,14284,0.47509410319880807,0.28384642814691546,42.18006160739289,17.047045645477457,58.56902828339401
E03,150,250,SCALE_PRIMARY_O00_V1,14284,0.6298142650885675,0.5236131161064137,16.171940632875945,22.3956874824979,29.326519182301876
E03,150,500,SCALE_PRIMARY_O00_V1,14284,0.5932036358465913,0.45367258761401824,23.900868104172503,22.3956874824979,41.19994399327919
E03,150,1000,SCALE_PRIMARY_O00_V1,14284,0.5399547883073095,0.367344525892646,37.46149537944553,22.3956874824979,58.56902828339401
E03,250,500,SCALE_PRIMARY_O00_V1,14284,0.6398139816565924,0.5410738871041763,21.00252030243629,29.326519182301876,41.19994399327919
E03,250,1000,SCALE_PRIMARY_O00_V1,14284,0.6046944762784118,0.47290004692632565,31.45477457294875,29.326519182301876,58.56902828339401
E03,500,1000,SCALE_PRIMARY_O00_V1,14284,0.6557367310132408,0.6057464788732394,24.49593951274153,41.19994399327919,58.56902828339401
E04,100,150,SCALE_PRIMARY_O00_V1,14284,0.6275130624791269,0.5051599587203303,13.427611313357604,17.782133856062725,23.06076729207505
E04,100,250,SCALE_PRIMARY_O00_V1,14284,0.5913038648845886,0.449978982765868,18.32119854382526,17.782133856062725,30.516661999439933
E04,100,500,SCALE_PRIMARY_O00_V1,14284,0.5460139727753031,0.3750598754590452,27.401288154578552,17.782133856062725,42.509101092131054
E04,100,1000,SCALE_PRIMARY_O00_V1,14284,0.4760127521988877,0.2917940277451211,42.17306076729208,17.782133856062725,59.1430971716606
E04,150,250,SCALE_PRIMARY_O00_V1,14284,0.6274071140139996,0.5232882165605095,16.76701204144497,23.06076729207505,30.516661999439933
E04,150,500,SCALE_PRIMARY_O00_V1,14284,0.593631372035307,0.45683621091927207,24.446933632035844,23.06076729207505,42.509101092131054
E04,150,1000,SCALE_PRIMARY_O00_V1,14284,0.5385038925011988,0.37237026647966337,37.59451134136096,23.06076729207505,59.1430971716606
E04,250,500,SCALE_PRIMARY_O00_V1,14284,0.6415125132351263,0.5506169169020366,21.16353962475497,30.516661999439933,42.509101092131054
E04,250,1000,SCALE_PRIMARY_O00_V1,14284,0.6047930797768428,0.48469742638534663,31.118734248109774,30.516661999439933,59.1430971716606
E04,500,1000,SCALE_PRIMARY_O00_V1,14284,0.6625382463148486,0.6216216216216216,23.718846261551384,42.509101092131054,59.1430971716606
E05,100,150,SCALE_PRIMARY_O00_V1,14284,0.6276735331002292,0.5045489992201716,13.343601232147858,17.621114533744052,22.89974796975637
E05,100,250,SCALE_PRIMARY_O00_V1,14284,0.5903102040257527,0.44818104906937395,18.26519182301876,17.621114533744052,30.313637636516383
E05,100,500,SCALE_PRIMARY_O00_V1,14284,0.5451866804832853,0.37313672062830583,27.380285634276113,17.621114533744052,42.35508260991319
E05,100,1000,SCALE_PRIMARY_O00_V1,14284,0.475144941632079,0.29049025398700534,42.04704564547746,17.621114533744052,58.8560627275273
E05,150,250,SCALE_PRIMARY_O00_V1,14284,0.628232217250909,0.5238572574178028,16.626995239428734,22.89974796975637,30.313637636516383
E05,150,500,SCALE_PRIMARY_O00_V1,14284,0.5938505245265915,0.4557238794315165,24.39792775133016,22.89974796975637,42.35508260991319
E05,150,1000,SCALE_PRIMARY_O00_V1,14284,0.5380292749899126,0.37178432984846704,37.4404928591431,22.89974796975637,58.8560627275273
E05,250,500,SCALE_PRIMARY_O00_V1,14284,0.6410728414805105,0.5492537313432836,21.142537104452536,30.313637636516383,42.35508260991319
E05,250,1000,SCALE_PRIMARY_O00_V1,14284,0.6046826456834118,0.4843258361496329,30.97871744609353,30.313637636516383,58.8560627275273
E05,500,1000,SCALE_PRIMARY_O00_V1,14284,0.6630171075492329,0.6203765971755212,23.711845421450576,42.35508260991319,58.8560627275273
E06,100,150,SCALE_PRIMARY_O00_V1,14284,0.6263466962149682,0.5027726432532348,13.18258190982918,17.327079249509943,22.514701764211704
E06,100,250,SCALE_PRIMARY_O00_V1,14284,0.5888908742285326,0.44657062997204905,18.020162419490337,17.327079249509943,29.774572948753853
E06,100,500,SCALE_PRIMARY_O00_V1,14284,0.5453963320226167,0.3738562091503268,26.827219266311957,17.327079249509943,41.535984318118174
E06,100,1000,SCALE_PRIMARY_O00_V1,14284,0.47465371638303033,0.28978906999041226,41.48697843741249,17.327079249509943,58.01596191542985
E06,150,250,SCALE_PRIMARY_O00_V1,14284,0.6280538057524462,0.5227319062181448,16.38896667600112,22.514701764211704,29.774572948753853
E06,150,500,SCALE_PRIMARY_O00_V1,14284,0.5940889004125148,0.45661518866422546,23.893867264071687,22.514701764211704,41.535984318118174
E06,150,1000,SCALE_PRIMARY_O00_V1,14284,0.5374437251243945,0.3705468843083522,36.98543825259031,22.514701764211704,58.01596191542985
E06,250,500,SCALE_PRIMARY_O00_V1,14284,0.6428012740289982,0.5501445746461726,20.69448333800056,29.774572948753853,41.535984318118174
E06,250,1000,SCALE_PRIMARY_O00_V1,14284,0.6063158070517983,0.48226950354609927,30.663679641556985,29.774572948753853,58.01596191542985
E06,500,1000,SCALE_PRIMARY_O00_V1,14284,0.6674205781632422,0.6201435570240401,23.340800896107535,41.535984318118174,58.01596191542985
E07,100,150,SCALE_PRIMARY_O00_V1,14284,0.5695706336897184,0.42147012162876785,7.658919070288435,7.987958555026603,10.830299635956314
E07,100,250,SCALE_PRIMARY_O00_V1,14284,0.5118898933330273,0.3493312352478363,11.57938952674321,7.987958555026603,16.024922990758892
E07,100,500,SCALE_PRIMARY_O00_V1,14284,0.46160214666356764,0.27430744160782183,18.706244749369922,7.987958555026603,24.85998319798376
E07,100,1000,SCALE_PRIMARY_O00_V1,14284,0.37843795981570993,0.19347277316985215,31.31475777093251,7.987958555026603,38.35060207224867
E07,150,250,SCALE_PRIMARY_O00_V1,14284,0.5445165529037563,0.40925789860396766,11.257350882105852,10.830299635956314,16.024922990758892
E07,150,500,SCALE_PRIMARY_O00_V1,14284,0.49075428891978856,0.3352540597171294,17.768132175861105,10.830299635956314,24.85998319798376
E07,150,1000,SCALE_PRIMARY_O00_V1,14284,0.4315865807270403,0.2549124687388353,29.20050406048726,10.830299635956314,38.35060207224867
E07,250,500,SCALE_PRIMARY_O00_V1,14284,0.5403538666130414,0.4250854075158614,16.4939792775133,16.024922990758892,24.85998319798376
E07,250,1000,SCALE_PRIMARY_O00_V1,14284,0.5076155625951849,0.36382791922739244,25.364043685242226,16.024922990758892,38.35060207224867
E07,500,1000,SCALE_PRIMARY_O00_V1,14284,0.5628992207241014,0.47967879383808587,22.22766732007841,24.85998319798376,38.35060207224867
E08,100,150,SCALE_PRIMARY_O00_V1,14284,0.5709751000641489,0.4228723404255319,7.595911509381126,7.966956034724166,10.760291234948195
E08,100,250,SCALE_PRIMARY_O00_V1,14284,0.51126605561678,0.3488372093023256,11.565387846541585,7.966956034724166,15.989918790254832
E08,100,500,SCALE_PRIMARY_O00_V1,14284,0.4626972341401433,0.2754098360655738,18.566227947353685,7.966956034724166,24.712965555866703
E08,100,1000,SCALE_PRIMARY_O00_V1,14284,0.37790262044744927,0.19293184276956366,31.335760291234948,7.966956034724166,38.35060207224867
E08,150,250,SCALE_PRIMARY_O00_V1,14284,0.5458853809154139,0.4099630996309963,11.194343321198543,10.760291234948195,15.989918790254832
E08,150,500,SCALE_PRIMARY_O00_V1,14284,0.4912937845800207,0.33517786561264823,17.663119574348922,10.760291234948195,24.712965555866703
E08,150,1000,SCALE_PRIMARY_O00_V1,14284,0.43003337172692707,0.2531261164701679,29.27051246149538,10.760291234948195,38.35060207224867
E08,250,500,SCALE_PRIMARY_O00_V1,14284,0.5403634829327668,0.4253493503309635,16.409969196303557,15.989918790254832,24.712965555866703
E08,250,1000,SCALE_PRIMARY_O00_V1,14284,0.507462392933324,0.3629499561018437,25.39904788574629,15.989918790254832,38.35060207224867
E08,500,1000,SCALE_PRIMARY_O00_V1,14284,0.5593684893667727,0.4762372992461488,22.374684962195463,24.712965555866703,38.35060207224867
E09,100,150,SCALE_PRIMARY_O00_V1,14284,0.47999959774277356,0.3147410358565737,1.2041444973396809,0.9731167740128814,1.3371604592551105
E09,100,250,SCALE_PRIMARY_O00_V1,14284,0.4557774059511439,0.27627627627627627,1.6872024642957155,0.9731167740128814,2.00224026883226
E09,100,500,SCALE_PRIMARY_O00_V1,14284,0.3908850292807726,0.1903114186851211,3.276393167180062,0.9731167740128814,3.843461215345841
E09,100,1000,SCALE_PRIMARY_O00_V1,14284,0.2888141488544826,0.10826771653543307,6.3427611313357595,0.9731167740128814,6.909829179501541
E09,150,250,SCALE_PRIMARY_O00_V1,14284,0.41943331982192344,0.26525198938992045,1.9392327079249512,1.3371604592551105,2.00224026883226
E09,150,500,SCALE_PRIMARY_O00_V1,14284,0.4489507402726368,0.25,3.1083730047605713,1.3371604592551105,3.843461215345841
E09,150,1000,SCALE_PRIMARY_O00_V1,14284,0.3276548171327138,0.1425800193986421,6.188742649117894,1.3371604592551105,6.909829179501541
E09,250,500,SCALE_PRIMARY_O00_V1,14284,0.5267853522262008,0.342443729903537,2.863343601232148,2.00224026883226,3.843461215345841
E09,250,1000,SCALE_PRIMARY_O00_V1,14284,0.3660513153639496,0.1897196261682243,6.069728367404088,2.00224026883226,6.909829179501541
E09,500,1000,SCALE_PRIMARY_O00_V1,14284,0.4151722924810554,0.26732673267326734,6.216746009521143,3.843461215345841,6.909829179501541
E10,100,150,SCALE_PRIMARY_O00_V1,14284,0.6237749271269364,0.49018385789965724,11.453374404928592,14.526743209185103,18.95127415289835
E10,100,250,SCALE_PRIMARY_O00_V1,14284,0.5879429852399823,0.4354224816036539,15.576869224306916,14.526743209185103,25.077009241108932
E10,100,500,SCALE_PRIMARY_O00_V1,14284,0.528469653432442,0.3468864468864469,24.96499579949594,14.526743209185103,36.95743489218707
E10,100,1000,SCALE_PRIMARY_O00_V1,14284,0.46775693615768776,0.2657093927018838,39.022682721926635,14.526743209185103,52.737328479417535
E10,150,250,SCALE_PRIMARY_O00_V1,14284,0.6200095754245606,0.4995231282784931,14.694763371604594,18.95127415289835,25.077009241108932
E10,150,500,SCALE_PRIMARY_O00_V1,14284,0.5792340998335247,0.4270907791279485,22.444693363203587,18.95127415289835,36.95743489218707
E10,150,1000,SCALE_PRIMARY_O00_V1,14284,0.5267014047082456,0.3387370898156622,35.410249229907585,18.95127415289835,52.737328479417535
E10,250,500,SCALE_PRIMARY_O00_V1,14284,0.6351100854265701,0.5230319697490546,19.42733127975357,25.077009241108932,36.95743489218707
E10,250,1000,SCALE_PRIMARY_O00_V1,14284,0.5956860897159273,0.44557159578618805,29.844581349761974,25.077009241108932,52.737328479417535
E10,500,1000,SCALE_PRIMARY_O00_V1,14284,0.6533310428580248,0.5868218974486005,23.354802576309158,36.95743489218707,52.737328479417535
E11,100,150,SCALE_PRIMARY_O00_V1,14284,0.5749807271595966,0.43217535153019027,9.61215345841501,10.270232427891347,13.973676841220946
E11,100,250,SCALE_PRIMARY_O00_V1,14284,0.5383369067940943,0.38220064724919095,13.364603752450293,10.270232427891347,19.630355642677124
E11,100,500,SCALE_PRIMARY_O00_V1,14284,0.48383994754014076,0.2995234853641933,21.611593391206945,10.270232427891347,29.823578829459535
E11,100,1000,SCALE_PRIMARY_O00_V1,14284,0.39979163271733775,0.21607032695866749,35.58527023242789,10.270232427891347,44.931391767012045
E11,150,250,SCALE_PRIMARY_O00_V1,14284,0.5649708101286248,0.44187443676779814,13.007560907308877,13.973676841220946,19.630355642677124
E11,150,500,SCALE_PRIMARY_O00_V1,14284,0.517763727419951,0.37042716319824753,20.120414449733968,13.973676841220946,29.823578829459535
E11,150,1000,SCALE_PRIMARY_O00_V1,14284,0.45206896269249414,0.2841880341880342,32.83394007280874,13.973676841220946,44.931391767012045
E11,250,500,SCALE_PRIMARY_O00_V1,14284,0.5604613539440498,0.45110928512736237,18.706244749369922,19.630355642677124,29.823578829459535
E11,250,1000,SCALE_PRIMARY_O00_V1,14284,0.5281460528730249,0.39431508920471725,28.045365443853264,19.630355642677124,44.931391767012045
E11,500,1000,SCALE_PRIMARY_O00_V1,14284,0.5779490365892471,0.5094713033644331,24.29291514981798,29.823578829459535,44.931391767012045
E12,100,150,SCALE_PRIMARY_O00_V1,14284,0.5966385837912799,0.47226844148641156,13.322598711845421,16.304956594791374,20.86250350042005
E12,100,250,SCALE_PRIMARY_O00_V1,14284,0.5647337134476723,0.42259049280418665,18.538224586950435,16.304956594791374,29.36852422290675
E12,100,500,SCALE_PRIMARY_O00_V1,14284,0.5214567848632161,0.35338717652876217,27.46429571548586,16.304956594791374,41.17894147297675
E12,100,1000,SCALE_PRIMARY_O00_V1,14284,0.45955709926731936,0.2746095168906647,41.942033043965274,16.304956594791374,57.392887146457575
E12,150,250,SCALE_PRIMARY_O00_V1,14284,0.5959870941019012,0.4888981116414194,17.243069168300195,20.86250350042005,29.36852422290675
E12,150,500,SCALE_PRIMARY_O00_V1,14284,0.5588848108542972,0.4282030620467365,24.83898067768132,20.86250350042005,41.17894147297675
E12,150,1000,SCALE_PRIMARY_O00_V1,14284,0.5086240407411903,0.3438326520798269,38.21058527023243,20.86250350042005,57.392887146457575
E12,250,500,SCALE_PRIMARY_O00_V1,14284,0.6317506701871459,0.5460263884627187,20.715485858302994,29.36852422290675,41.17894147297675
E12,250,1000,SCALE_PRIMARY_O00_V1,14284,0.5972203361376085,0.4795845272206304,30.516661999439933,29.36852422290675,57.392887146457575
E12,500,1000,SCALE_PRIMARY_O00_V1,14284,0.6612798303384193,0.6193214491086831,23.172780733688043,41.17894147297675,57.392887146457575
