well_id,municipality,aquifer,transmissivity,zero_requires_review,unit,test_date,interpretation_method,source,evidence_code,latitude,longitude
3500065046,Campo Grande,Serra geral,56.3,False,SOURCE_UNIT_NOT_VERIFIED,2016-04-14,UNKNOWN,SGB_HIDRO_MS_2024_POCOS,E09,-20.44222199999996,-54.67277799999994
3500065060,Ivinhema,Caiua,8.53,False,SOURCE_UNIT_NOT_VERIFIED,2016-07-09,UNKNOWN,SGB_HIDRO_MS_2024_POCOS,E09,-22.338888999999938,-53.84249999999997
3500065072,Selvíria,Serra geral,64.78,False,SOURCE_UNIT_NOT_VERIFIED,2016-02-02,UNKNOWN,SGB_HIDRO_MS_2024_POCOS,E09,-20.361943999999937,-51.426943999999935
3500068739,Ribas do Rio Pardo,Bauru,0.0,True,SOURCE_UNIT_NOT_VERIFIED,2023-04-26,UNKNOWN,SGB_HIDRO_MS_2024_POCOS,E09,-20.012241999999958,-53.29814399999998
3500065031,Campo Grande,Serra geral,96.0,False,SOURCE_UNIT_NOT_VERIFIED,2016-03-22,UNKNOWN,SGB_HIDRO_MS_2024_POCOS,E09,-20.45333299999993,-54.60583299999996
3500065013,Bataguassu,Bauru,10.3,False,SOURCE_UNIT_NOT_VERIFIED,1986-07-07,UNKNOWN,SGB_HIDRO_MS_2024_POCOS,E09,-21.72388899999993,-52.25166699999994
3500065016,Bataguassu,Caiua,10.3,False,SOURCE_UNIT_NOT_VERIFIED,1984-07-24,UNKNOWN,SGB_HIDRO_MS_2024_POCOS,E09,-21.718610999999953,-52.41833299999996
3500065018,Bodoquena,Cuiaba,2.0,False,SOURCE_UNIT_NOT_VERIFIED,2008-04-11,UNKNOWN,SGB_HIDRO_MS_2024_POCOS,E09,-20.556388999999967,-56.67361099999994
3500045606,Caarapó,Guarani,0.003,False,SOURCE_UNIT_NOT_VERIFIED,2009-04-27,UNKNOWN,SGB_HIDRO_MS_2024_POCOS,E09,-22.61861099999993,-54.69027799999998
3500065077,Terenos,Serra geral,60.24,False,SOURCE_UNIT_NOT_VERIFIED,2016-09-26,UNKNOWN,SGB_HIDRO_MS_2024_POCOS,E09,-20.427777999999932,-54.86111099999994
3500065022,Camapuã,Guarani,10.3,False,SOURCE_UNIT_NOT_VERIFIED,1988-09-16,UNKNOWN,SGB_HIDRO_MS_2024_POCOS,E09,-19.526110999999958,-54.041110999999944
3500065007,Antônio João,Serra geral,146.0,False,SOURCE_UNIT_NOT_VERIFIED,2011-09-07,UNKNOWN,SGB_HIDRO_MS_2024_POCOS,E09,-22.183888999999965,-55.96055599999994
3500065061,Ivinhema,Caiua,24.7,False,SOURCE_UNIT_NOT_VERIFIED,1981-06-18,UNKNOWN,SGB_HIDRO_MS_2024_POCOS,E09,-22.383055999999954,-53.59694399999995
3500065065,Novo Horizonte do Sul,Caiua,16.57,False,SOURCE_UNIT_NOT_VERIFIED,1994-05-12,UNKNOWN,SGB_HIDRO_MS_2024_POCOS,E09,-22.655555999999933,-53.850277999999946
3500065074,Selvíria,Caiua,66.82,False,SOURCE_UNIT_NOT_VERIFIED,2016-07-22,UNKNOWN,SGB_HIDRO_MS_2024_POCOS,E09,-20.359721999999977,-51.414999999999964
3500065056,Figueirão,Guarani,45.0,False,SOURCE_UNIT_NOT_VERIFIED,2013-01-20,UNKNOWN,SGB_HIDRO_MS_2024_POCOS,E09,-18.676943999999935,-53.63777799999997
3500064999,Água Clara,Serra geral,17.0,False,SOURCE_UNIT_NOT_VERIFIED,2008-12-07,UNKNOWN,SGB_HIDRO_MS_2024_POCOS,E09,-20.43027799999993,-52.87583299999994
3500065000,Água Clara,Caiua,13.0,False,SOURCE_UNIT_NOT_VERIFIED,1996-05-13,UNKNOWN,SGB_HIDRO_MS_2024_POCOS,E09,-20.43999999999994,-52.87472199999996
3500065003,Água Clara,Bauru,23.0,False,SOURCE_UNIT_NOT_VERIFIED,1987-06-02,UNKNOWN,SGB_HIDRO_MS_2024_POCOS,E09,-20.445832999999936,-52.87277799999998
3500065019,Bonito,Cuiaba,12.7,False,SOURCE_UNIT_NOT_VERIFIED,2002-10-23,UNKNOWN,SGB_HIDRO_MS_2024_POCOS,E09,-21.13999999999993,-56.45027799999997
3500065063,Ladário,,73.8,False,SOURCE_UNIT_NOT_VERIFIED,2016-05-05,UNKNOWN,SGB_HIDRO_MS_2024_POCOS,E09,-19.037777999999946,-57.61944399999999
3500065035,Campo Grande,Serra geral,12.22,False,SOURCE_UNIT_NOT_VERIFIED,2016-06-15,UNKNOWN,SGB_HIDRO_MS_2024_POCOS,E09,-20.500832999999943,-54.54388899999998
3500065042,Campo Grande,Serra geral,2.4,False,SOURCE_UNIT_NOT_VERIFIED,2016-07-11,UNKNOWN,SGB_HIDRO_MS_2024_POCOS,E09,-20.51499999999993,-54.61666699999995
3500065052,Deodápolis,Caiua,5.13,False,SOURCE_UNIT_NOT_VERIFIED,2012-12-19,UNKNOWN,SGB_HIDRO_MS_2024_POCOS,E09,-22.288332999999966,-54.16888899999998
3500065084,Vicentina,Serra geral,23.4,False,SOURCE_UNIT_NOT_VERIFIED,1994-09-15,UNKNOWN,SGB_HIDRO_MS_2024_POCOS,E09,-22.53305599999993,-54.44916699999993
3500065005,Antônio João,Serra geral,34.0,False,SOURCE_UNIT_NOT_VERIFIED,1979-09-29,UNKNOWN,SGB_HIDRO_MS_2024_POCOS,E09,-22.195555999999954,-55.943055999999956
3500065048,Campo Grande,Serra geral,127.0,False,SOURCE_UNIT_NOT_VERIFIED,2016-07-12,UNKNOWN,SGB_HIDRO_MS_2024_POCOS,E09,-20.48194399999994,-54.75305599999996
3500065034,Campo Grande,Serra geral,78.9,False,SOURCE_UNIT_NOT_VERIFIED,2016-04-29,UNKNOWN,SGB_HIDRO_MS_2024_POCOS,E09,-20.550277999999935,-54.67027799999994
3500065051,Campo Grande,Serra geral,76.0,False,SOURCE_UNIT_NOT_VERIFIED,2016-06-28,UNKNOWN,SGB_HIDRO_MS_2024_POCOS,E09,-20.48055599999998,-54.75361099999998
3500065004,Antônio João,Serra geral,4.8,False,SOURCE_UNIT_NOT_VERIFIED,1979-08-03,UNKNOWN,SGB_HIDRO_MS_2024_POCOS,E09,-22.198332999999934,-55.94805599999995
3500065008,Aparecida do Taboado,Caiua,5.0,False,SOURCE_UNIT_NOT_VERIFIED,2005-05-21,UNKNOWN,SGB_HIDRO_MS_2024_POCOS,E09,-20.065277999999978,-51.10999999999996
3500065011,Bataguassu,Bauru,10.3,False,SOURCE_UNIT_NOT_VERIFIED,1987-07-23,UNKNOWN,SGB_HIDRO_MS_2024_POCOS,E09,-21.72361099999995,-52.264166999999986
3500065012,Bataguassu,Bauru,10.3,False,SOURCE_UNIT_NOT_VERIFIED,2009-05-09,UNKNOWN,SGB_HIDRO_MS_2024_POCOS,E09,-21.717777999999953,-52.41638899999998
3500065043,Campo Grande,Guarani,457.54,False,SOURCE_UNIT_NOT_VERIFIED,2015-10-24,UNKNOWN,SGB_HIDRO_MS_2024_POCOS,E09,-20.484166999999957,-54.75055599999996
3500065053,Dourados,Serra geral,1.0,False,SOURCE_UNIT_NOT_VERIFIED,2009-12-02,UNKNOWN,SGB_HIDRO_MS_2024_POCOS,E09,-22.141388999999947,-54.486666999999954
3500065066,Ponta Porã,Serra geral,9.432,False,SOURCE_UNIT_NOT_VERIFIED,2016-04-24,UNKNOWN,SGB_HIDRO_MS_2024_POCOS,E09,-22.462499999999977,-55.73694399999994
3500065067,Ponta Porã,Serra geral,15.79,False,SOURCE_UNIT_NOT_VERIFIED,2016-04-23,UNKNOWN,SGB_HIDRO_MS_2024_POCOS,E09,-22.463332999999977,-55.736388999999974
3500065075,Taquarussu,Caiua,40.72,False,SOURCE_UNIT_NOT_VERIFIED,1981-05-26,UNKNOWN,SGB_HIDRO_MS_2024_POCOS,E09,-22.486388999999974,-53.358055999999976
3500065078,Três Lagoas,Caiua,8.39,False,SOURCE_UNIT_NOT_VERIFIED,1991-07-19,UNKNOWN,SGB_HIDRO_MS_2024_POCOS,E09,-20.787777999999946,-51.70666699999998
3500065081,Três Lagoas,Caiua,45.0,False,SOURCE_UNIT_NOT_VERIFIED,2013-01-20,UNKNOWN,SGB_HIDRO_MS_2024_POCOS,E09,-20.789721999999927,-51.728332999999964
3500065058,Figueirão,Guarani,45.0,False,SOURCE_UNIT_NOT_VERIFIED,2009-10-14,UNKNOWN,SGB_HIDRO_MS_2024_POCOS,E09,-18.685277999999983,-53.635832999999934
3500065064,Maracaju,Guarani,30.5,False,SOURCE_UNIT_NOT_VERIFIED,2012-02-25,UNKNOWN,SGB_HIDRO_MS_2024_POCOS,E09,-21.73277799999994,-55.51249999999993
3500065025,Camapuã,Guarani,10.3,False,SOURCE_UNIT_NOT_VERIFIED,1991-02-14,UNKNOWN,SGB_HIDRO_MS_2024_POCOS,E09,-19.51277799999997,-54.04777799999994
3500065017,Bodoquena,Cuiaba,0.76,False,SOURCE_UNIT_NOT_VERIFIED,1981-04-07,UNKNOWN,SGB_HIDRO_MS_2024_POCOS,E09,-20.55416699999995,-56.67194399999994
3500065062,Japorã,Caiua,101.45,False,SOURCE_UNIT_NOT_VERIFIED,2016-05-02,UNKNOWN,SGB_HIDRO_MS_2024_POCOS,E09,-23.892777999999964,-54.40833299999997
3500065071,Rio Verde de Mato Grosso,Furnas,113.6,False,SOURCE_UNIT_NOT_VERIFIED,2009-03-17,UNKNOWN,SGB_HIDRO_MS_2024_POCOS,E09,-18.925832999999955,-54.85722199999998
3500065057,Figueirão,Guarani,30.5,False,SOURCE_UNIT_NOT_VERIFIED,2012-12-13,UNKNOWN,SGB_HIDRO_MS_2024_POCOS,E09,-18.678610999999933,-53.632221999999956
3500065023,Camapuã,Guarani,10.3,False,SOURCE_UNIT_NOT_VERIFIED,1994-10-01,UNKNOWN,SGB_HIDRO_MS_2024_POCOS,E09,-19.558055999999965,-54.03972199999998
3500065001,Água Clara,Bauru,45.0,False,SOURCE_UNIT_NOT_VERIFIED,2016-12-23,UNKNOWN,SGB_HIDRO_MS_2024_POCOS,E09,-20.446943999999974,-52.87472199999996
3500065006,Antônio João,Serra geral,64.0,False,SOURCE_UNIT_NOT_VERIFIED,1979-10-03,UNKNOWN,SGB_HIDRO_MS_2024_POCOS,E09,-22.191943999999978,-55.95666699999998
3500065014,Bataguassu,Caiua,10.3,False,SOURCE_UNIT_NOT_VERIFIED,1984-07-17,UNKNOWN,SGB_HIDRO_MS_2024_POCOS,E09,-21.709443999999962,-52.40888899999993
