scale_km2,evidence_code,variant_a,variant_b,presence_jaccard,presence_mismatch_pct,spearman_counts_support,presence_a_pct,presence_b_pct
100,E01,O00,OX25,0.5735790293277965,11.502380285634276,0.6871939222922759,21.177541304956595,21.26855222626715
100,E01,O00,OY25,0.634959349593496,9.430131615793895,0.7432331060022936,21.177541304956595,21.05852702324279
100,E01,O00,OXY25,0.5139904209730275,13.497619714365724,0.6297368014898341,21.177541304956595,20.869504340520862
100,E01,OX25,OY25,0.5298582995951417,13.007560907308877,0.6448103898834344,21.26855222626715,21.05852702324279
100,E01,OX25,OXY25,0.6409487459105779,9.220106412769532,0.7486756714944703,21.26855222626715,20.869504340520862
100,E01,OY25,OXY25,0.5818806127839409,11.08232987958555,0.6972228278734565,21.05852702324279,20.869504340520862
100,E07,O00,OX25,0.475974025974026,5.649677961355363,0.6214143356572481,7.987958555026603,7.9249509941192935
100,E07,O00,OY25,0.5375086028905712,4.704564547745729,0.6809504757301756,7.987958555026603,7.651918230187622
100,E07,O00,OXY25,0.4065244667503137,6.622794735368244,0.551796051889259,7.987958555026603,7.707924950994119
100,E07,OX25,OY25,0.3958594730238394,6.7418090170820495,0.5383579941634777,7.9249509941192935,7.651918230187622
100,E07,OX25,OXY25,0.5294520547945205,4.809577149257911,0.6733887098165893,7.9249509941192935,7.707924950994119
100,E07,OY25,OXY25,0.48243243243243245,5.362643517222067,0.629664975180922,7.651918230187622,7.707924950994119
100,E09,O00,OX25,0.37244897959183676,0.861103332399888,0.5391024156892993,0.9731167740128814,0.9101092131055727
100,E09,O00,OY25,0.42934782608695654,0.7350882105852702,0.5989228890814191,0.9731167740128814,0.8681041725007002
100,E09,O00,OXY25,0.2755102040816326,0.9941192943153179,0.43067892197913255,0.9731167740128814,0.7770932511901428
100,E09,OX25,OY25,0.3160621761658031,0.9241108933071969,0.4771690782551877,0.9101092131055727,0.8681041725007002
100,E09,OX25,OXY25,0.4968944099378882,0.5670680481657798,0.6640478617461931,0.9101092131055727,0.7770932511901428
100,E09,OY25,OXY25,0.3583815028901734,0.7770932511901428,0.5259122353428002,0.8681041725007002,0.7770932511901428
100,E10,O00,OX25,0.5441176470588235,8.464015681881826,0.6754252410916116,14.526743209185103,14.141697003640436
100,E10,O00,OY25,0.6118881118881119,6.993839260711285,0.7327639581706015,14.526743209185103,14.519742369084291
100,E10,O00,OXY25,0.48062296269467586,10.039204704564547,0.6118098887269812,14.526743209185103,14.092691122934752
100,E10,OX25,OY25,0.4903531124863487,9.801176141136935,0.6229637212640944,14.141697003640436,14.519742369084291
100,E10,OX25,OXY25,0.5921831819976313,7.231867824138896,0.720717359168415,14.141697003640436,14.092691122934752
100,E10,OY25,OXY25,0.5534017483846446,8.225987118454213,0.6835407372207227,14.519742369084291,14.092691122934752
150,E01,O00,OX25,0.6100231627711097,12.965555866704005,0.7112908546797876,26.869224306916827,26.659199103892465
150,E01,O00,OY25,0.6362083689154568,11.929431531783814,0.7364336728129699,26.869224306916827,26.785214225707083
150,E01,O00,OXY25,0.5580020387359836,15.177821338560626,0.6542682315804481,26.869224306916827,26.631195743489215
150,E01,OX25,OY25,0.5678784144588211,14.729767572108655,0.66216302487925,26.659199103892465,26.785214225707083
150,E01,OX25,OXY25,0.6483326115201385,11.369364323718846,0.7452852751118378,26.659199103892465,26.631195743489215
150,E01,OY25,OXY25,0.6227137388345385,12.41949033884066,0.7188094158728875,26.785214225707083,26.631195743489215
150,E07,O00,OX25,0.47880539499036606,7.57490898907869,0.6144643921732532,10.830299635956314,10.662279473536824
150,E07,O00,OY25,0.5297648824412207,6.5807896947633715,0.6641025811859139,10.830299635956314,10.57826939232708
150,E07,O00,OXY25,0.4212488350419385,8.695043405208624,0.552810734948034,10.830299635956314,10.522262671520583
150,E07,OX25,OY25,0.4105067410506741,8.877065247829739,0.5420718541950035,10.662279473536824,10.57826939232708
150,E07,OX25,OXY25,0.5275113579000504,6.552786334360124,0.6619998688433589,10.662279473536824,10.522262671520583
150,E07,OY25,OXY25,0.4928182268449728,7.168860263231588,0.6308152818791072,10.57826939232708,10.522262671520583
150,E09,O00,OX25,0.4125874125874126,1.1761411369364323,0.5789153223219266,1.3371604592551105,1.4911789414729768
150,E09,O00,OY25,0.49606299212598426,0.8961075329039485,0.658631261877071,1.3371604592551105,1.3231587790534864
150,E09,O00,OXY25,0.29896907216494845,1.4281713805656677,0.4536943165438566,1.3371604592551105,1.3091570988518622
150,E09,OX25,OY25,0.33554817275747506,1.4001680201624196,0.49672112113879696,1.4911789414729768,1.3231587790534864
150,E09,OX25,OXY25,0.45985401459854014,1.0361243349201905,0.6265472184653041,1.4911789414729768,1.3091570988518622
150,E09,OY25,OXY25,0.3722627737226277,1.2041444973396809,0.537162379709866,1.3231587790534864,1.3091570988518622
150,E10,O00,OX25,0.5568312284730195,10.809297115653878,0.675567292381034,18.95127415289835,19.021282553906467
150,E10,O00,OY25,0.6014277215942891,9.381125735088212,0.7200844587751657,18.95127415289835,18.741248949873984
150,E10,O00,OXY25,0.5116934347703579,12.132455894707366,0.6284829890687359,18.95127415289835,18.608232987958555
150,E10,OX25,OY25,0.514743049705139,12.097451694203304,0.6296159104186478,19.021282553906467,18.741248949873984
150,E10,OX25,OXY25,0.627801332525742,8.604032483898068,0.7398431215085247,19.021282553906467,18.608232987958555
150,E10,OY25,OXY25,0.5700412007062978,10.228227387286475,0.6858800429356795,18.741248949873984,18.608232987958555
250,E01,O00,OX25,0.6510382868267359,15.05880705684682,0.7183308972190169,35.38924670960515,35.85830299635956
250,E01,O00,OY25,0.6937782995136677,12.78353402408289,0.7747000734197215,35.38924670960515,35.319238308597036
250,E01,O00,OXY25,0.6128521684077239,17.12405488658639,0.6810357831970002,35.38924670960515,35.949313917670125
250,E01,OX25,OY25,0.6122740247383445,17.117054046485578,0.6804714805691451,35.85830299635956,35.319238308597036
250,E01,OX25,OXY25,0.6993041749502982,12.706524782973958,0.7685119488852727,35.85830299635956,35.949313917670125
250,E01,OY25,OXY25,0.6523291673429638,14.995799495939513,0.7230944484492369,35.319238308597036,35.949313917670125
250,E07,O00,OX25,0.48255624388653406,11.110333239988798,0.6011997157417189,16.024922990758892,15.807896947633715
250,E07,O00,OY25,0.5603085553997195,8.77905348641837,0.6814330142277834,16.024922990758892,15.128815457854945
250,E07,O00,OXY25,0.4389240506329114,12.412489498739848,0.5529577068241722,16.024922990758892,15.807896947633715
250,E07,OX25,OY25,0.4259438528557599,12.45449453934472,0.5391008938051245,15.807896947633715,15.128815457854945
250,E07,OX25,OXY25,0.5524235132347886,9.115093811257351,0.6720106996387808,15.807896947633715,15.807896947633715
250,E07,OY25,OXY25,0.4759519038076152,10.984318118174182,0.5964537158277926,15.128815457854945,15.807896947633715
250,E09,O00,OX25,0.40240963855421685,1.7362083450014003,0.5661140391036872,2.00224026883226,2.072248669840381
250,E09,O00,OY25,0.4739583333333333,1.4141697003640437,0.6373538538880571,2.00224026883226,1.9602352282273874
250,E09,O00,OXY25,0.32181425485961124,2.1982637916549983,0.4775969745954559,2.00224026883226,2.2822738728647436
250,E09,OX25,OY25,0.2828507795100223,2.2542705124614955,0.4306171088183217,2.072248669840381,1.9602352282273874
250,E09,OX25,OXY25,0.47393364928909953,1.5541865023802857,0.6375167485208041,2.072248669840381,2.2822738728647436
250,E09,OY25,OXY25,0.36794582392776526,1.9602352282273874,0.5298404859138429,1.9602352282273874,2.2822738728647436
250,E10,O00,OX25,0.5708787684413086,14.05068608232988,0.6738458161589771,25.077009241108932,26.358162979557548
250,E10,O00,OY25,0.6402369560264297,11.054326519182302,0.7441475429361845,25.077009241108932,25.322038644637356
250,E10,O00,OXY25,0.5310402684563759,15.653878465415849,0.6286047743946716,25.077009241108932,26.029123494819377
250,E10,OX25,OY25,0.5414491543119649,15.373844861383365,0.6398127578397436,26.358162979557548,25.322038644637356
250,E10,OX25,OXY25,0.6392113910186199,11.530383646037524,0.7365433753355489,26.358162979557548,26.029123494819377
250,E10,OY25,OXY25,0.5797975446909326,13.658639036684402,0.6786837259182116,25.322038644637356,26.029123494819377
500,E01,O00,OX25,0.7157894736842105,15.877905348641837,0.7504854305006993,47.48669840380846,48.368804256510785
500,E01,O00,OY25,0.735572673317338,14.65975917110053,0.7854383735015035,47.48669840380846,48.73284794175301
500,E01,O00,OXY25,0.6830297913400072,18.398207784934193,0.7193106943435197,47.48669840380846,50.20302436292356
500,E01,OX25,OY25,0.6885804723642561,17.908148977877346,0.7219532289123564,48.368804256510785,48.73284794175301
500,E01,OX25,OXY25,0.7475487154027554,14.239708765051805,0.7876006753202488,48.368804256510785,50.20302436292356
500,E01,OY25,OXY25,0.7301665034280117,15.429851582189864,0.769499713059801,48.73284794175301,50.20302436292356
500,E07,O00,OX25,0.5454153182308522,14.75077009241109,0.6365122018939583,24.85998319798376,25.287034444133294
500,E07,O00,OY25,0.6101321585903083,12.391486978437412,0.7002826891538414,24.85998319798376,26.31615793895267
500,E07,O00,OXY25,0.5090222408728493,16.38196583590031,0.5905478416543921,24.85998319798376,25.490058807056847
500,E07,OX25,OY25,0.5085959885386819,16.809017082049845,0.5885145966474864,25.287034444133294,26.31615793895267
500,E07,OX25,OXY25,0.6050011064394778,12.496499579949594,0.6881472153155902,25.287034444133294,25.490058807056847
500,E07,OY25,OXY25,0.5674645202287651,14.295715485858304,0.6538269849405796,26.31615793895267,25.490058807056847
500,E09,O00,OX25,0.4117647058823529,3.0103612433492017,0.5698849252106812,3.843461215345841,3.381405768692243
500,E09,O00,OY25,0.5324324324324324,2.4222906748809856,0.6844270846345708,3.843461215345841,4.0954914589750775
500,E09,O00,OXY25,0.3463969658659924,3.6194343321198543,0.4976172123624072,3.843461215345841,3.6124334920190426
500,E09,OX25,OY25,0.34002509410288584,3.6824418930271636,0.49272588790657,3.381405768692243,4.0954914589750775
500,E09,OX25,OXY25,0.5633802816901409,1.9532343881265752,0.7117932437850559,3.381405768692243,3.6124334920190426
500,E09,OY25,OXY25,0.43546284224250326,3.031363763651638,0.5922146599958354,4.0954914589750775,3.6124334920190426
500,E10,O00,OX25,0.6330147965474723,16.669000280033604,0.69402629163225,36.95743489218707,37.21646597591711
500,E10,O00,OY25,0.6785770750988143,14.232707924950994,0.7488470712967178,36.95743489218707,37.37048445813498
500,E10,O00,OXY25,0.5973451327433629,19.112293475217026,0.6540339871124281,36.95743489218707,38.861663399607956
500,E10,OX25,OY25,0.6100952093093547,18.06216746009521,0.6678463134519284,37.21646597591711,37.37048445813498
500,E10,OX25,OXY25,0.6945267425541868,13.714645757490898,0.7592308949120756,37.21646597591711,38.861663399607956
500,E10,OY25,OXY25,0.6685565430585351,15.142817138056566,0.726541322764837,37.37048445813498,38.861663399607956
1000,E01,O00,OX25,0.7984662576687117,13.798655838700643,0.7894581591825528,62.19546345561467,60.94231307756931
1000,E01,O00,OY25,0.8272866632600919,11.831419770372445,0.8113472324556358,62.19546345561467,62.97955754690563
1000,E01,O00,OXY25,0.762682975736916,16.570988518622233,0.737926645495223,62.19546345561467,60.88630635676281
1000,E01,OX25,OY25,0.7963263649279481,14.05068608232988,0.7614831352628095,60.94231307756931,62.97955754690563
1000,E01,OX25,OXY25,0.8204833141542003,12.01344161299356,0.8212774591381681,60.94231307756931,60.88630635676281
1000,E01,OY25,OXY25,0.8118791602662571,12.860543265191824,0.7877902796030462,62.97955754690563,60.88630635676281
1000,E07,O00,OX25,0.6257842844338213,17.537104452534304,0.6499532404593041,38.35060207224867,37.83954074488939
1000,E07,O00,OY25,0.6546957175056348,16.0879305516662,0.6837897169989494,38.35060207224867,38.742649117894146
1000,E07,O00,OXY25,0.5612977318403675,21.394567348081768,0.5745805815379046,38.35060207224867,37.7905348641837
1000,E07,OX25,OY25,0.5683154121863799,21.079529543545224,0.5831733241000518,37.83954074488939,38.742649117894146
1000,E07,OX25,OXY25,0.6520874751491054,15.926911229347521,0.6961312414008202,37.83954074488939,37.7905348641837
1000,E07,OY25,OXY25,0.6057579318448884,18.79025483057967,0.633327000090353,38.742649117894146,37.7905348641837
1000,E09,O00,OX25,0.3866481223922114,6.17474096891627,0.5171782250160916,6.909829179501541,7.049845981517783
1000,E09,O00,OY25,0.41730103806228375,5.894707364883786,0.5566218547913776,6.909829179501541,7.427891346961635
1000,E09,O00,OXY25,0.3246753246753247,7.2808737048445815,0.4466975228604027,6.909829179501541,7.371884626155138
1000,E09,OX25,OY25,0.3897849462365591,6.356762811537385,0.5254484485180765,7.049845981517783,7.427891346961635
1000,E09,OX25,OXY25,0.5036496350364964,4.760571268552226,0.6480847580073912,7.049845981517783,7.371884626155138
1000,E09,OY25,OXY25,0.5164992826398852,4.7185662279473535,0.6484809951551146,7.427891346961635,7.371884626155138
1000,E10,O00,OX25,0.725635593220339,16.318958274992998,0.7442596118600696,52.737328479417535,49.90198823858863
1000,E10,O00,OY25,0.7525443786982249,14.638756650798095,0.7870597228414771,52.737328479417535,50.93811257350882
1000,E10,O00,OXY25,0.6697258101065036,20.407448893867265,0.6820071806454504,52.737328479417535,50.43405208625035
1000,E10,OX25,OY25,0.6993865030674846,17.838140576869225,0.7135699589085127,49.90198823858863,50.93811257350882
1000,E10,OX25,OXY25,0.7374227179052006,15.163819658359005,0.78791008465607,49.90198823858863,50.43405208625035
1000,E10,OY25,OXY25,0.7041308697187243,17.600112013441613,0.7270744882430747,50.93811257350882,50.43405208625035
